/*!40101 SET @OLD_CHARACTER_SET_CLIENT=@@CHARACTER_SET_CLIENT */;
/*!40101 SET @OLD_CHARACTER_SET_RESULTS=@@CHARACTER_SET_RESULTS */;
/*!40101 SET @OLD_COLLATION_CONNECTION=@@COLLATION_CONNECTION */;
/*!40101 SET NAMES utf8 */;
/*!40103 SET @OLD_TIME_ZONE=@@TIME_ZONE */;
/*!40103 SET TIME_ZONE='+00:00' */;
/*!40014 SET @OLD_UNIQUE_CHECKS=@@UNIQUE_CHECKS, UNIQUE_CHECKS=0 */;
/*!40014 SET @OLD_FOREIGN_KEY_CHECKS=@@FOREIGN_KEY_CHECKS, FOREIGN_KEY_CHECKS=0 */;
/*!40101 SET @OLD_SQL_MODE=@@SQL_MODE, SQL_MODE='NO_AUTO_VALUE_ON_ZERO' */;
/*!40111 SET @OLD_SQL_NOTES=@@SQL_NOTES, SQL_NOTES=0 */;

--
-- Table structure for table `account`
--

DROP TABLE IF EXISTS `account`;
/*!40101 SET @saved_cs_client     = @@character_set_client */;
/*!40101 SET character_set_client = utf8 */;
CREATE TABLE `account` (
  `id` int(11) NOT NULL,
  PRIMARY KEY (`id`)
) ENGINE=InnoDB DEFAULT CHARSET=latin1;
/*!40101 SET character_set_client = @saved_cs_client */;

--
-- Dumping data for table `account`
--

LOCK TABLES `account` WRITE;
/*!40000 ALTER TABLE `account` DISABLE KEYS */;
INSERT INTO `account` VALUES (10700),(13997),(21138),(22955),(26285),(35219),(38792),(55680),(60826),(82811),(84978),(92932),(98517),(107095),(109109),(115140),(117770),(119834),(120120),(127291),(129017),(133236),(136756),(161101),(170111),(173915),(177295),(182210),(186780),(190170),(191538),(195052),(199764),(203696),(205336),(205533),(206525),(210809),(215233),(216375),(220622),(227179),(233870),(237560),(238435),(240178),(241782),(242432),(243734),(248511),(251741),(252621),(268516),(272727),(275128),(284651),(295264),(301432),(305053),(310709),(318945),(322517),(324051),(328230),(329014),(332184),(353210),(355303),(356205),(357467),(374432),(393683),(398900),(403331),(403463),(404964),(410742),(414594),(417345),(418902),(421685),(433748),(435998),(446193),(450875),(452460),(453777),(454995),(456094),(456694),(460319),(460809),(466372),(475723),(476547),(491081),(492867),(495276),(499456),(499793),(503446),(504471),(506445),(506511),(506605),(507246),(507532),(508021),(508079),(510833),(513043),(515421),(518947),(521256),(521952),(521968),(530553),(534086),(538142),(539760),(543983),(544424),(551022),(552831),(553035),(553138),(553873),(554084),(554158),(554795),(558393),(562203),(562334),(564645),(570219),(570236),(572389),(572955),(573974),(574784),(575818),(576123),(576259),(577086),(578011),(579956),(580221),(580505),(581161),(586165),(586260),(589475),(590508),(591280),(595068),(595105),(595288),(596229),(597106),(597571),(598379),(598518),(599148),(599952),(600917),(601215),(601931),(602066),(605052),(607230),(608516),(608748),(609043),(610628),(611509),(616833),(617594),(618559),(620110),(621563),(623106),(624877),(625200),(625364),(625838),(625878),(626036),(626050),(626412),(626459),(626672),(627487),(627496),(627618),(629549),(630121),(630175),(630388),(630704),(631797);
/*!40000 ALTER TABLE `account` ENABLE KEYS */;
UNLOCK TABLES;

--
-- Table structure for table `box`
--

DROP TABLE IF EXISTS `box`;
/*!40101 SET @saved_cs_client     = @@character_set_client */;
/*!40101 SET character_set_client = utf8 */;
CREATE TABLE `box` (
  `id` int(11) NOT NULL AUTO_INCREMENT,
  `account_id` int(11) NOT NULL,
  `delivery_date` date NOT NULL,
  PRIMARY KEY (`id`),
  KEY `account_id` (`account_id`),
  KEY `date` (`delivery_date`)
) ENGINE=InnoDB AUTO_INCREMENT=6128901 DEFAULT CHARSET=latin1;
/*!40101 SET character_set_client = @saved_cs_client */;

--
-- Dumping data for table `box`
--

LOCK TABLES `box` WRITE;
/*!40000 ALTER TABLE `box` DISABLE KEYS */;
INSERT INTO `box` VALUES (3633111,129017,'2013-11-04'),(3633811,205336,'2013-11-04'),(3634060,227179,'2013-11-04'),(3635467,170111,'2013-11-04'),(3636625,356205,'2013-11-04'),(3636879,322517,'2013-11-04'),(3638352,421685,'2013-11-04'),(3638687,435998,'2013-11-04'),(3639215,452460,'2013-11-04'),(3640389,456694,'2013-11-04'),(3640900,495276,'2013-11-04'),(3643226,355303,'2013-11-04'),(3643823,534086,'2013-11-04'),(3669048,205533,'2013-11-06'),(3680849,435998,'2013-11-07'),(3692547,268516,'2013-11-10'),(3703857,252621,'2013-11-10'),(3704757,55680,'2013-11-11'),(3705000,84978,'2013-11-11'),(3705975,177295,'2013-11-11'),(3706027,182210,'2013-11-11'),(3706355,82811,'2013-11-11'),(3706875,240178,'2013-11-11'),(3706894,248511,'2013-11-11'),(3707224,268516,'2013-11-11'),(3709593,374432,'2013-11-11'),(3710984,421685,'2013-11-11'),(3711847,452460,'2013-11-11'),(3712693,476547,'2013-11-11'),(3713005,456694,'2013-11-11'),(3713548,495276,'2013-11-11'),(3713728,499456,'2013-11-11'),(3713762,499793,'2013-11-11'),(3714251,507246,'2013-11-11'),(3714686,513043,'2013-11-11'),(3715304,521256,'2013-11-11'),(3717673,543983,'2013-11-11'),(3718106,551022,'2013-11-11'),(3719742,195052,'2013-11-11'),(3720664,554158,'2013-11-11'),(3724630,127291,'2013-11-11'),(3749764,538142,'2013-11-13'),(3759439,393683,'2013-11-14'),(3764005,543983,'2013-11-14'),(3767654,133236,'2013-11-14'),(3768271,564645,'2013-11-14'),(3794291,107095,'2013-11-18'),(3794625,129017,'2013-11-18'),(3794981,173915,'2013-11-18'),(3795039,177295,'2013-11-18'),(3795416,82811,'2013-11-18'),(3796265,268516,'2013-11-18'),(3798457,322517,'2013-11-18'),(3799216,404964,'2013-11-18'),(3799540,414594,'2013-11-18'),(3800806,199764,'2013-11-18'),(3801456,476547,'2013-11-18'),(3802008,454995,'2013-11-18'),(3802709,503446,'2013-11-18'),(3803006,508021,'2013-11-18'),(3803227,504471,'2013-11-18'),(3803506,515421,'2013-11-18'),(3803948,456094,'2013-11-18'),(3803964,521952,'2013-11-18'),(3804254,355303,'2013-11-18'),(3805839,543983,'2013-11-18'),(3806405,353210,'2013-11-18'),(3806799,552831,'2013-11-18'),(3806995,553138,'2013-11-18'),(3807619,506445,'2013-11-18'),(3811493,161101,'2013-11-18'),(3811703,92932,'2013-11-18'),(3811823,558393,'2013-11-18'),(3814837,576259,'2013-11-18'),(3815101,98517,'2013-11-18'),(3815810,578011,'2013-11-18'),(3816683,310709,'2013-11-18'),(3816924,580221,'2013-11-18'),(3832621,564645,'2013-11-19'),(3844195,133236,'2013-11-20'),(3848118,575818,'2013-11-20'),(3848200,576123,'2013-11-20'),(3850580,586260,'2013-11-20'),(3855691,393683,'2013-11-21'),(3856817,435998,'2013-11-21'),(3859596,543983,'2013-11-21'),(3862265,133236,'2013-11-21'),(3862634,564645,'2013-11-21'),(3866551,591280,'2013-11-21'),(3874197,589475,'2013-11-24'),(3875893,268516,'2013-11-24'),(3886686,133236,'2013-11-24'),(3891974,602066,'2013-11-25'),(3891975,602066,'2013-11-25'),(3892256,55680,'2013-11-25'),(3892706,107095,'2013-11-25'),(3893038,129017,'2013-11-25'),(3893411,177295,'2013-11-25'),(3893460,182210,'2013-11-25'),(3893511,186780,'2013-11-25'),(3893602,191538,'2013-11-25'),(3893743,205336,'2013-11-25'),(3893783,82811,'2013-11-25'),(3894001,227179,'2013-11-25'),(3894149,238435,'2013-11-25'),(3894282,248511,'2013-11-25'),(3894601,268516,'2013-11-25'),(3894880,284651,'2013-11-25'),(3895118,295264,'2013-11-25'),(3895407,170111,'2013-11-25'),(3895606,318945,'2013-11-25'),(3896478,356205,'2013-11-25'),(3896770,374432,'2013-11-25'),(3897248,398900,'2013-11-25'),(3897450,404964,'2013-11-25'),(3897744,414594,'2013-11-25'),(3898308,435998,'2013-11-25'),(3898804,452460,'2013-11-25'),(3898943,453777,'2013-11-25'),(3899180,393683,'2013-11-25'),(3899512,475723,'2013-11-25'),(3899572,476547,'2013-11-25'),(3899860,456694,'2013-11-25'),(3900338,495276,'2013-11-25'),(3900530,499793,'2013-11-25'),(3900748,503446,'2013-11-25'),(3900910,506605,'2013-11-25'),(3900960,507246,'2013-11-25'),(3901525,515421,'2013-11-25'),(3901864,521256,'2013-11-25'),(3902238,355303,'2013-11-25'),(3902611,534086,'2013-11-25'),(3902966,538142,'2013-11-25'),(3903661,543983,'2013-11-25'),(3904169,10700,'2013-11-25'),(3904404,530553,'2013-11-25'),(3904453,552831,'2013-11-25'),(3904564,237560,'2013-11-25'),(3904607,553138,'2013-11-25'),(3904662,115140,'2013-11-25'),(3904963,417345,'2013-11-25'),(3905157,506445,'2013-11-25'),(3905373,21138,'2013-11-25'),(3905378,553873,'2013-11-25'),(3905580,554084,'2013-11-25'),(3906275,492867,'2013-11-25'),(3906847,26285,'2013-11-25'),(3908410,127291,'2013-11-25'),(3908600,466372,'2013-11-25'),(3908673,243734,'2013-11-25'),(3908804,558393,'2013-11-25'),(3909715,329014,'2013-11-25'),(3910082,570236,'2013-11-25'),(3910347,13997,'2013-11-25'),(3910504,574784,'2013-11-25'),(3910817,575818,'2013-11-25'),(3910923,576123,'2013-11-25'),(3912239,579956,'2013-11-25'),(3912377,580505,'2013-11-25'),(3913029,586165,'2013-11-25'),(3914255,596229,'2013-11-25'),(3914466,597106,'2013-11-25'),(3915181,598518,'2013-11-25'),(3916566,601215,'2013-11-25'),(3916916,601931,'2013-11-25'),(3931396,133236,'2013-11-26'),(3931540,564645,'2013-11-26'),(3935870,600917,'2013-11-26'),(3935887,601215,'2013-11-26'),(3937156,605052,'2013-11-26'),(3938659,595068,'2013-11-26'),(3939115,589475,'2013-11-27'),(3940378,205533,'2013-11-27'),(3941303,324051,'2013-11-27'),(3941349,38792,'2013-11-27'),(3943019,453777,'2013-11-27'),(3943957,503446,'2013-11-27'),(3945029,538142,'2013-11-27'),(3948709,575818,'2013-11-27'),(3948744,576123,'2013-11-27'),(3950172,586260,'2013-11-27'),(3951505,598518,'2013-11-27'),(3952058,601215,'2013-11-27'),(3952207,601931,'2013-11-27'),(3952538,605052,'2013-11-27'),(3953280,608516,'2013-11-27'),(3953381,608748,'2013-11-27'),(3953546,609043,'2013-11-27'),(3954537,598379,'2013-11-27'),(3956350,220622,'2013-11-28'),(3958150,393683,'2013-11-28'),(3961863,543983,'2013-11-28'),(3964057,133236,'2013-11-28'),(3967515,602066,'2013-11-28'),(3980539,621563,'2013-11-29'),(3993035,133236,'2013-11-31'),(4000779,215233,'2011-02-01'),(4000825,625878,'2011-02-01'),(4000837,602066,'2011-02-01'),(4001487,55680,'2011-02-01'),(4002106,117770,'2011-02-01'),(4002146,119834,'2011-02-01'),(4003032,205336,'2011-02-01'),(4003062,82811,'2011-02-01'),(4003063,82811,'2011-02-01'),(4003091,210809,'2011-02-01'),(4003200,220622,'2011-02-01'),(4003280,227179,'2011-02-01'),(4003365,233870,'2011-02-01'),(4003544,240178,'2011-02-01'),(4003567,248511,'2011-02-01'),(4003891,268516,'2011-02-01'),(4004175,284651,'2011-02-01'),(4004740,205533,'2011-02-01'),(4004897,318945,'2011-02-01'),(4005152,38792,'2011-02-01'),(4005366,251741,'2011-02-01'),(4006013,322517,'2011-02-01'),(4006644,403331,'2011-02-01'),(4006722,404964,'2011-02-01'),(4007304,421685,'2011-02-01'),(4008089,452460,'2011-02-01'),(4008440,393683,'2011-02-01'),(4008530,460809,'2011-02-01'),(4009114,456694,'2011-02-01'),(4009739,499456,'2011-02-01'),(4009773,499793,'2011-02-01'),(4009993,503446,'2011-02-01'),(4010177,507246,'2011-02-01'),(4010211,507532,'2011-02-01'),(4010465,504471,'2011-02-01'),(4010466,504471,'2011-02-01'),(4010517,513043,'2011-02-01'),(4011142,521952,'2011-02-01'),(4011153,518947,'2011-02-01'),(4011735,534086,'2011-02-01'),(4012160,539760,'2011-02-01'),(4012180,521968,'2011-02-01'),(4012464,544424,'2011-02-01'),(4012712,543983,'2011-02-01'),(4012826,491081,'2011-02-01'),(4012982,551022,'2011-02-01'),(4013143,353210,'2011-02-01'),(4013361,530553,'2011-02-01'),(4013398,552831,'2011-02-01'),(4013797,417345,'2011-02-01'),(4013849,195052,'2011-02-01'),(4014143,553873,'2011-02-01'),(4014201,446193,'2011-02-01'),(4014320,554084,'2011-02-01'),(4014385,554158,'2011-02-01'),(4015394,26285,'2011-02-01'),(4015975,136756,'2011-02-01'),(4016809,161101,'2011-02-01'),(4017077,558393,'2011-02-01'),(4017085,305053,'2011-02-01'),(4017759,562203,'2011-02-01'),(4018199,570236,'2011-02-01'),(4018344,572389,'2011-02-01'),(4018381,572955,'2011-02-01'),(4018415,13997,'2011-02-01'),(4018545,574784,'2011-02-01'),(4018776,575818,'2011-02-01'),(4018852,576123,'2011-02-01'),(4018888,576259,'2011-02-01'),(4019016,98517,'2011-02-01'),(4019353,578011,'2011-02-01'),(4019758,310709,'2011-02-01'),(4019924,581161,'2011-02-01'),(4020285,586165,'2011-02-01'),(4020300,586260,'2011-02-01'),(4020480,510833,'2011-02-01'),(4021015,595105,'2011-02-01'),(4021403,597571,'2011-02-01'),(4022171,120120,'2011-02-01'),(4022223,599952,'2011-02-01'),(4022545,600917,'2011-02-01'),(4022624,601215,'2011-02-01'),(4022845,601931,'2011-02-01'),(4023182,605052,'2011-02-01'),(4023230,590508,'2011-02-01'),(4023274,607230,'2011-02-01'),(4023516,608516,'2011-02-01'),(4023566,608748,'2011-02-01'),(4023634,609043,'2011-02-01'),(4024033,611509,'2011-02-01'),(4024385,616833,'2011-02-01'),(4024424,617594,'2011-02-01'),(4024592,620110,'2011-02-01'),(4024929,564645,'2011-02-01'),(4025109,624877,'2011-02-01'),(4025241,625200,'2011-02-01'),(4025623,626036,'2011-02-01'),(4025803,626412,'2011-02-01'),(4025824,252621,'2011-02-01'),(4025829,626459,'2011-02-01'),(4025926,626672,'2011-02-01'),(4026194,595068,'2011-02-01'),(4026269,623106,'2011-02-01'),(4026388,627487,'2011-02-01'),(4026515,627618,'2011-02-01'),(4026516,618559,'2011-02-01'),(4027524,629549,'2011-02-01'),(4027835,630121,'2011-02-01'),(4027985,630388,'2011-02-01'),(4028121,630704,'2011-02-01'),(4028668,38792,'2011-02-02'),(4041539,133236,'2011-02-02'),(4044569,601215,'2011-02-02'),(4047845,620110,'2011-02-02'),(4055785,414594,'2011-02-03'),(4057135,495276,'2011-02-03'),(4057326,503446,'2011-02-03'),(4059029,133236,'2011-02-03'),(4059529,554795,'2011-02-03'),(4061425,575818,'2011-02-03'),(4061465,576259,'2011-02-03'),(4063432,601215,'2011-02-03'),(4063778,607230,'2011-02-03'),(4065030,616833,'2011-02-03'),(4065541,626050,'2011-02-03'),(4065621,626459,'2011-02-03'),(4066528,630704,'2011-02-03'),(4068824,136756,'2011-02-03'),(4076211,543983,'2011-02-04'),(4080349,602066,'2011-02-04'),(4083808,630388,'2011-02-04'),(4087199,611509,'2011-02-04'),(4113281,595068,'2011-02-07'),(4116240,55680,'2011-02-08'),(4116284,60826,'2011-02-08'),(4116995,129017,'2011-02-08'),(4117326,173915,'2011-02-08'),(4117416,182210,'2011-02-08'),(4117465,186780,'2011-02-08'),(4117715,82811,'2011-02-08'),(4117859,220622,'2011-02-08'),(4118015,233870,'2011-02-08'),(4118074,238435,'2011-02-08'),(4118777,284651,'2011-02-08'),(4119004,295264,'2011-02-08'),(4119315,205533,'2011-02-08'),(4119472,318945,'2011-02-08'),(4119592,324051,'2011-02-08'),(4119686,328230,'2011-02-08'),(4120287,356205,'2011-02-08'),(4120569,374432,'2011-02-08'),(4121011,398900,'2011-02-08'),(4121135,403463,'2011-02-08'),(4121203,404964,'2011-02-08'),(4121332,410742,'2011-02-08'),(4121495,414594,'2011-02-08'),(4122015,435998,'2011-02-08'),(4122422,450875,'2011-02-08'),(4122478,452460,'2011-02-08'),(4122816,393683,'2011-02-08'),(4123124,475723,'2011-02-08'),(4123685,454995,'2011-02-08'),(4124056,499793,'2011-02-08'),(4124396,506605,'2011-02-08'),(4124436,507246,'2011-02-08'),(4124521,508021,'2011-02-08'),(4124527,508079,'2011-02-08'),(4124707,504471,'2011-02-08'),(4124948,515421,'2011-02-08'),(4125266,521256,'2011-02-08'),(4125370,521952,'2011-02-08'),(4125379,518947,'2011-02-08'),(4126517,241782,'2011-02-08'),(4126555,544424,'2011-02-08'),(4126789,543983,'2011-02-08'),(4126880,491081,'2011-02-08'),(4127017,551022,'2011-02-08'),(4127177,216375,'2011-02-08'),(4127323,530553,'2011-02-08'),(4127391,133236,'2011-02-08'),(4127424,237560,'2011-02-08'),(4127452,553138,'2011-02-08'),(4127707,195052,'2011-02-08'),(4127931,553873,'2011-02-08'),(4128104,554158,'2011-02-08'),(4128280,35219,'2011-02-08'),(4128489,492867,'2011-02-08'),(4129273,136756,'2011-02-08'),(4129804,127291,'2011-02-08'),(4129871,161101,'2011-02-08'),(4130099,558393,'2011-02-08'),(4130664,562203,'2011-02-08'),(4131014,570219,'2011-02-08'),(4131153,572955,'2011-02-08'),(4131283,574784,'2011-02-08'),(4131455,575818,'2011-02-08'),(4131539,576259,'2011-02-08'),(4131634,98517,'2011-02-08'),(4132221,310709,'2011-02-08'),(4132342,580505,'2011-02-08'),(4132664,586260,'2011-02-08'),(4132978,591280,'2011-02-08'),(4133216,595105,'2011-02-08'),(4133225,595288,'2011-02-08'),(4133497,597571,'2011-02-08'),(4133900,599148,'2011-02-08'),(4134352,601215,'2011-02-08'),(4134500,601931,'2011-02-08'),(4134535,602066,'2011-02-08'),(4134841,607230,'2011-02-08'),(4135319,611509,'2011-02-08'),(4135597,617594,'2011-02-08'),(4136056,624877,'2011-02-08'),(4136144,625200,'2011-02-08'),(4136198,625364,'2011-02-08'),(4136337,625838,'2011-02-08'),(4136508,626412,'2011-02-08'),(4136581,626672,'2011-02-08'),(4136896,627496,'2011-02-08'),(4137854,630388,'2011-02-08'),(4138041,631797,'2011-02-08'),(4138044,580221,'2011-02-08'),(4142906,625878,'2011-02-09'),(4157095,601215,'2011-02-09'),(4160893,618559,'2011-02-09'),(4168344,268516,'2011-02-10'),(4168936,324051,'2011-02-10'),(4169917,410742,'2011-02-10'),(4169997,414594,'2011-02-10'),(4172907,133236,'2011-02-10'),(4174441,562203,'2011-02-10'),(4174778,575818,'2011-02-10'),(4174806,576259,'2011-02-10'),(4175867,595288,'2011-02-10'),(4176382,605052,'2011-02-10'),(4176441,607230,'2011-02-10'),(4178007,630704,'2011-02-10'),(4179603,618559,'2011-02-10'),(4186784,393683,'2011-02-11'),(4187815,435998,'2011-02-11'),(4191447,133236,'2011-02-11'),(4193305,602066,'2011-02-11'),(4195420,630388,'2011-02-11'),(4196732,627618,'2011-02-11'),(4219525,133236,'2011-02-14'),(4226443,608516,'2011-02-14'),(4229081,625878,'2011-02-15'),(4229695,60826,'2011-02-15'),(4230099,107095,'2011-02-15'),(4230740,173915,'2011-02-15'),(4230839,182210,'2011-02-15'),(4230893,186780,'2011-02-15'),(4231582,240178,'2011-02-15'),(4231602,248511,'2011-02-15'),(4232036,275128,'2011-02-15'),(4232389,295264,'2011-02-15'),(4232504,301432,'2011-02-15'),(4232658,170111,'2011-02-15'),(4233879,322517,'2011-02-15'),(4233930,374432,'2011-02-15'),(4234468,403331,'2011-02-15'),(4234678,410742,'2011-02-15'),(4235077,421685,'2011-02-15'),(4235358,435998,'2011-02-15'),(4235781,452460,'2011-02-15'),(4235905,199764,'2011-02-15'),(4236093,393683,'2011-02-15'),(4236399,475723,'2011-02-15'),(4236458,476547,'2011-02-15'),(4236705,456694,'2011-02-15'),(4236913,454995,'2011-02-15'),(4237272,499793,'2011-02-15'),(4237624,507246,'2011-02-15'),(4237698,508021,'2011-02-15'),(4237704,508079,'2011-02-15'),(4237870,504471,'2011-02-15'),(4237921,513043,'2011-02-15'),(4238394,521256,'2011-02-15'),(4238473,521952,'2011-02-15'),(4238481,518947,'2011-02-15'),(4239351,539760,'2011-02-15'),(4239368,521968,'2011-02-15'),(4239567,241782,'2011-02-15'),(4239799,543983,'2011-02-15'),(4239879,491081,'2011-02-15'),(4240105,10700,'2011-02-15'),(4240117,216375,'2011-02-15'),(4240308,553035,'2011-02-15'),(4240315,237560,'2011-02-15'),(4240335,553138,'2011-02-15'),(4240583,506445,'2011-02-15'),(4240683,21138,'2011-02-15'),(4240684,553873,'2011-02-15'),(4240796,554158,'2011-02-15'),(4241335,26285,'2011-02-15'),(4242220,243734,'2011-02-15'),(4242233,92932,'2011-02-15'),(4242837,562334,'2011-02-15'),(4243155,570219,'2011-02-15'),(4243401,574784,'2011-02-15'),(4243617,576123,'2011-02-15'),(4243962,578011,'2011-02-15'),(4244259,310709,'2011-02-15'),(4244379,581161,'2011-02-15'),(4244626,586165,'2011-02-15'),(4244637,586260,'2011-02-15'),(4245117,595288,'2011-02-15'),(4245164,596229,'2011-02-15'),(4245255,597106,'2011-02-15'),(4245332,597571,'2011-02-15'),(4245647,599148,'2011-02-15'),(4246155,602066,'2011-02-15'),(4246777,611509,'2011-02-15'),(4246995,617594,'2011-02-15'),(4247383,625200,'2011-02-15'),(4247655,626459,'2011-02-15'),(4248511,630121,'2011-02-15'),(4269264,601215,'2011-02-16'),(4279506,136756,'2011-02-17'),(4280692,205533,'2011-02-17'),(4281557,324051,'2011-02-17'),(4286726,575818,'2011-02-17'),(4286740,576123,'2011-02-17'),(4286751,576259,'2011-02-17'),(4287687,595288,'2011-02-17'),(4287807,598518,'2011-02-17'),(4287946,601215,'2011-02-17'),(4288153,607230,'2011-02-17'),(4298320,435998,'2011-02-18'),(4304461,630388,'2011-02-18'),(4310801,543983,'2011-02-18'),(4333716,595068,'2011-02-21'),(4334939,608516,'2011-02-21'),(4336829,605052,'2011-02-21'),(4337518,554795,'2011-02-21'),(4340123,84978,'2011-02-22'),(4340907,173915,'2011-02-22'),(4340957,177295,'2011-02-22'),(4341003,182210,'2011-02-22'),(4341261,205336,'2011-02-22'),(4341551,233870,'2011-02-22'),(4341717,248511,'2011-02-22'),(4342107,275128,'2011-02-22'),(4342414,295264,'2011-02-22'),(4342832,318945,'2011-02-22'),(4342947,324051,'2011-02-22'),(4343582,356205,'2011-02-22'),(4343816,322517,'2011-02-22'),(4344378,403463,'2011-02-22'),(4344440,404964,'2011-02-22'),(4344560,410742,'2011-02-22'),(4344702,414594,'2011-02-22'),(4344943,421685,'2011-02-22'),(4345588,452460,'2011-02-22'),(4345589,452460,'2011-02-22'),(4345703,199764,'2011-02-22'),(4345890,393683,'2011-02-22'),(4346444,456694,'2011-02-22'),(4346968,499793,'2011-02-22'),(4347258,506605,'2011-02-22'),(4347292,507246,'2011-02-22'),(4347372,508079,'2011-02-22'),(4347563,513043,'2011-02-22'),(4347727,515421,'2011-02-22'),(4347985,521256,'2011-02-22'),(4348070,521952,'2011-02-22'),(4348271,355303,'2011-02-22'),(4348872,521968,'2011-02-22'),(4349047,241782,'2011-02-22'),(4349550,10700,'2011-02-22'),(4349673,530553,'2011-02-22'),(4349726,133236,'2011-02-22'),(4349737,553035,'2011-02-22'),(4349744,237560,'2011-02-22'),(4349760,553138,'2011-02-22'),(4349930,195052,'2011-02-22'),(4349986,506445,'2011-02-22'),(4350079,21138,'2011-02-22'),(4350080,553873,'2011-02-22'),(4350182,554158,'2011-02-22'),(4350291,35219,'2011-02-22'),(4350623,26285,'2011-02-22'),(4351317,466372,'2011-02-22'),(4351347,243734,'2011-02-22'),(4351407,558393,'2011-02-22'),(4351533,433748,'2011-02-22'),(4351772,562334,'2011-02-22'),(4351841,329014,'2011-02-22'),(4352118,572955,'2011-02-22'),(4352341,575818,'2011-02-22'),(4352386,576123,'2011-02-22'),(4352894,310709,'2011-02-22'),(4352988,580505,'2011-02-22'),(4352998,581161,'2011-02-22'),(4352999,203696,'2011-02-22'),(4353455,591280,'2011-02-22'),(4353634,595288,'2011-02-22'),(4353675,596229,'2011-02-22'),(4353957,598518,'2011-02-22'),(4354384,601215,'2011-02-22'),(4354705,607230,'2011-02-22'),(4354975,611509,'2011-02-22'),(4355148,617594,'2011-02-22'),(4355416,625200,'2011-02-22'),(4355509,625838,'2011-02-22'),(4355596,626459,'2011-02-22'),(4355783,627496,'2011-02-22'),(4356245,630121,'2011-02-22'),(4373771,215233,'2011-02-23'),(4376991,601215,'2011-02-23'),(4379030,618559,'2011-02-23'),(4382207,605052,'2011-02-23'),(4383751,554795,'2011-02-23'),(4388012,625878,'2011-02-24'),(4389366,268516,'2011-02-24'),(4389922,324051,'2011-02-24'),(4390832,410742,'2011-02-24'),(4390901,414594,'2011-02-24'),(4394515,575818,'2011-02-24'),(4394528,576123,'2011-02-24'),(4395378,598518,'2011-02-24'),(4395504,601215,'2011-02-24'),(4395664,607230,'2011-02-24'),(4396240,625200,'2011-02-24'),(4404978,220622,'2011-02-25'),(4406548,393683,'2011-02-25'),(4407490,435998,'2011-02-25'),(4413606,627618,'2011-02-25'),(4448446,60826,'2011-03-01'),(4448659,84978,'2011-03-01'),(4448982,117770,'2011-03-01'),(4449169,129017,'2011-03-01'),(4449500,173915,'2011-03-01'),(4449550,177295,'2011-03-01'),(4449648,186780,'2011-03-01'),(4449857,205336,'2011-03-01'),(4449885,82811,'2011-03-01'),(4450330,240178,'2011-03-01'),(4450349,248511,'2011-03-01'),(4450638,268516,'2011-03-01'),(4450762,275128,'2011-03-01'),(4450879,284651,'2011-03-01'),(4451110,295264,'2011-03-01'),(4451220,301432,'2011-03-01'),(4451371,170111,'2011-03-01'),(4451534,318945,'2011-03-01'),(4452569,374432,'2011-03-01'),(4453080,403331,'2011-03-01'),(4453294,410742,'2011-03-01'),(4453671,421685,'2011-03-01'),(4453934,435998,'2011-03-01'),(4454339,452460,'2011-03-01'),(4454453,199764,'2011-03-01'),(4454642,393683,'2011-03-01'),(4454935,475723,'2011-03-01'),(4454991,476547,'2011-03-01'),(4455227,456694,'2011-03-01'),(4455760,499793,'2011-03-01'),(4456057,506605,'2011-03-01'),(4456095,507246,'2011-03-01'),(4456165,508021,'2011-03-01'),(4456169,508079,'2011-03-01'),(4456329,504471,'2011-03-01'),(4456543,515421,'2011-03-01'),(4456801,521256,'2011-03-01'),(4456876,521952,'2011-03-01'),(4456885,518947,'2011-03-01'),(4457889,241782,'2011-03-01'),(4457926,544424,'2011-03-01'),(4458513,237560,'2011-03-01'),(4458703,506445,'2011-03-01'),(4458782,553873,'2011-03-01'),(4458879,554158,'2011-03-01'),(4458964,35219,'2011-03-01'),(4459488,136756,'2011-03-01'),(4460083,433748,'2011-03-01'),(4460332,562334,'2011-03-01'),(4460803,574784,'2011-03-01'),(4461511,310709,'2011-03-01'),(4461611,581161,'2011-03-01'),(4461803,586165,'2011-03-01'),(4462177,595288,'2011-03-01'),(4462281,597106,'2011-03-01'),(4462483,598518,'2011-03-01'),(4462576,599148,'2011-03-01'),(4462989,602066,'2011-03-01'),(4463989,625838,'2011-03-01'),(4485985,133236,'2011-03-02'),(4487614,601215,'2011-03-02'),(4493282,554795,'2011-03-02'),(4493357,543983,'2011-03-02'),(4496237,611509,'2011-03-02'),(4503532,414594,'2011-03-03'),(4504813,503446,'2011-03-03'),(4507113,576123,'2011-03-03'),(4517029,170111,'2011-03-03'),(4523431,543983,'2011-03-04'),(4524245,133236,'2011-03-04'),(4525197,591280,'2011-03-04'),(4525462,602066,'2011-03-04'),(4526599,630388,'2011-03-04'),(4527145,627618,'2011-03-04'),(4541568,595068,'2011-03-05'),(4558520,605052,'2011-03-07'),(4565455,117770,'2011-03-08'),(4565982,177295,'2011-03-08'),(4566023,182210,'2011-03-08'),(4566067,186780,'2011-03-08'),(4566302,82811,'2011-03-08'),(4566497,227179,'2011-03-08'),(4566576,233870,'2011-03-08'),(4566747,248511,'2011-03-08'),(4567897,318945,'2011-03-08'),(4568633,356205,'2011-03-08'),(4568858,322517,'2011-03-08'),(4568900,374432,'2011-03-08'),(4569397,403331,'2011-03-08'),(4569477,404964,'2011-03-08'),(4569744,414594,'2011-03-08'),(4570213,435998,'2011-03-08'),(4570568,332184,'2011-03-08'),(4570737,199764,'2011-03-08'),(4571992,499793,'2011-03-08'),(4572380,508021,'2011-03-08'),(4572966,521256,'2011-03-08'),(4573061,518947,'2011-03-08'),(4573248,355303,'2011-03-08'),(4573988,241782,'2011-03-08'),(4574015,544424,'2011-03-08'),(4574419,353210,'2011-03-08'),(4574589,237560,'2011-03-08'),(4574605,553138,'2011-03-08'),(4574850,21138,'2011-03-08'),(4574851,553873,'2011-03-08'),(4574944,554158,'2011-03-08'),(4575305,26285,'2011-03-08'),(4575514,136756,'2011-03-08'),(4575902,243734,'2011-03-08'),(4576048,433748,'2011-03-08'),(4576480,570219,'2011-03-08'),(4576668,574784,'2011-03-08'),(4576824,576123,'2011-03-08'),(4576841,576259,'2011-03-08'),(4577262,310709,'2011-03-08'),(4577535,586165,'2011-03-08'),(4577752,591280,'2011-03-08'),(4578563,601215,'2011-03-08'),(4578665,602066,'2011-03-08'),(4578844,607230,'2011-03-08'),(4579521,625838,'2011-03-08'),(4579590,626459,'2011-03-08'),(4579748,627496,'2011-03-08'),(4580159,630388,'2011-03-08'),(4602182,133236,'2011-03-09'),(4603605,601215,'2011-03-09'),(4607483,605052,'2011-03-09'),(4608318,554795,'2011-03-09'),(4610355,611509,'2011-03-09'),(4617847,625878,'2011-03-10'),(4619278,268516,'2011-03-10'),(4619878,38792,'2011-03-10'),(4620788,414594,'2011-03-10'),(4621981,503446,'2011-03-10'),(4624072,576123,'2011-03-10'),(4624689,595288,'2011-03-10'),(4624768,598518,'2011-03-10'),(4624867,601215,'2011-03-10'),(4624998,607230,'2011-03-10'),(4635641,215233,'2011-03-11'),(4635642,215233,'2011-03-11'),(4639156,435998,'2011-03-11'),(4642865,602066,'2011-03-11'),(4659621,595068,'2011-03-12'),(4671877,133236,'2011-03-14'),(4675924,608516,'2011-03-14'),(4676870,252621,'2011-03-14'),(4677441,554795,'2011-03-14'),(4684541,60826,'2011-03-15'),(4685575,177295,'2011-03-15'),(4685668,186780,'2011-03-15'),(4685863,205336,'2011-03-15'),(4686213,238435,'2011-03-15'),(4686304,240178,'2011-03-15'),(4686594,268516,'2011-03-15'),(4687314,205533,'2011-03-15'),(4687452,318945,'2011-03-15'),(4687668,38792,'2011-03-15'),(4688192,356205,'2011-03-15'),(4689014,404964,'2011-03-15'),(4689288,414594,'2011-03-15'),(4689756,435998,'2011-03-15'),(4690139,452460,'2011-03-15'),(4690410,393683,'2011-03-15'),(4690729,476547,'2011-03-15'),(4690961,456694,'2011-03-15'),(4691448,499793,'2011-03-15'),(4692399,521256,'2011-03-15'),(4692459,521952,'2011-03-15'),(4692468,518947,'2011-03-15'),(4692633,355303,'2011-03-15'),(4693359,241782,'2011-03-15'),(4693664,551022,'2011-03-15'),(4693730,353210,'2011-03-15'),(4693870,553035,'2011-03-15'),(4694085,21138,'2011-03-15'),(4694086,553873,'2011-03-15'),(4695679,574784,'2011-03-15'),(4695820,576123,'2011-03-15'),(4696059,578011,'2011-03-15'),(4696346,581161,'2011-03-15'),(4696514,586165,'2011-03-15'),(4696842,595288,'2011-03-15'),(4696878,596229,'2011-03-15'),(4697352,600917,'2011-03-15'),(4697386,601215,'2011-03-15'),(4697644,607230,'2011-03-15'),(4698006,617594,'2011-03-15'),(4698238,625200,'2011-03-15'),(4698391,626459,'2011-03-15'),(4698893,630121,'2011-03-15'),(4705774,10700,'2011-03-15'),(4723260,601215,'2011-03-16'),(4727489,554795,'2011-03-16'),(4737759,543983,'2011-03-16'),(4741326,410742,'2011-03-17'),(4741391,414594,'2011-03-17'),(4742418,495276,'2011-03-17'),(4742544,503446,'2011-03-17'),(4743592,133236,'2011-03-17'),(4744465,576123,'2011-03-17'),(4745057,595288,'2011-03-17'),(4745129,598518,'2011-03-17'),(4745208,601215,'2011-03-17'),(4745333,607230,'2011-03-17'),(4745438,608748,'2011-03-17'),(4753100,205336,'2011-03-17'),(4758577,393683,'2011-03-18'),(4759425,435998,'2011-03-18'),(4761791,133236,'2011-03-18'),(4762604,591280,'2011-03-18'),(4762820,602066,'2011-03-18'),(4763733,630388,'2011-03-18'),(4764180,627618,'2011-03-18'),(4778762,595068,'2011-03-19'),(4794866,608516,'2011-03-21'),(4795851,605052,'2011-03-21'),(4796216,554795,'2011-03-21'),(4798880,491081,'2011-03-21'),(4804297,60826,'2011-03-22'),(4804478,84978,'2011-03-22'),(4804665,107095,'2011-03-22'),(4804787,117770,'2011-03-22'),(4805302,177295,'2011-03-22'),(4805587,205336,'2011-03-22'),(4805612,82811,'2011-03-22'),(4805735,220622,'2011-03-22'),(4805797,227179,'2011-03-22'),(4805875,233870,'2011-03-22'),(4805929,238435,'2011-03-22'),(4806028,240178,'2011-03-22'),(4806420,275128,'2011-03-22'),(4806526,284651,'2011-03-22'),(4806729,295264,'2011-03-22'),(4806968,170111,'2011-03-22'),(4807359,38792,'2011-03-22'),(4807840,356205,'2011-03-22'),(4808049,322517,'2011-03-22'),(4808086,374432,'2011-03-22'),(4808562,403331,'2011-03-22'),(4808570,403463,'2011-03-22'),(4808639,404964,'2011-03-22'),(4808757,410742,'2011-03-22'),(4809113,421685,'2011-03-22'),(4809320,435998,'2011-03-22'),(4809800,199764,'2011-03-22'),(4809967,393683,'2011-03-22'),(4810221,475723,'2011-03-22'),(4810267,476547,'2011-03-22'),(4810957,499793,'2011-03-22'),(4811213,506605,'2011-03-22'),(4811315,508021,'2011-03-22'),(4811317,508079,'2011-03-22'),(4811619,515421,'2011-03-22'),(4811854,521256,'2011-03-22'),(4811928,521952,'2011-03-22'),(4812103,355303,'2011-03-22'),(4812602,521968,'2011-03-22'),(4812770,241782,'2011-03-22'),(4812796,544424,'2011-03-22'),(4813151,353210,'2011-03-22'),(4813302,237560,'2011-03-22'),(4813463,506445,'2011-03-22'),(4813518,21138,'2011-03-22'),(4813519,553873,'2011-03-22'),(4813659,35219,'2011-03-22'),(4814055,136756,'2011-03-22'),(4814707,329014,'2011-03-22'),(4814862,570219,'2011-03-22'),(4814977,573974,'2011-03-22'),(4815012,574784,'2011-03-22'),(4815141,576123,'2011-03-22'),(4815344,578011,'2011-03-22'),(4815512,310709,'2011-03-22'),(4815574,580505,'2011-03-22'),(4815582,581161,'2011-03-22'),(4815743,586165,'2011-03-22'),(4815752,586260,'2011-03-22'),(4815933,591280,'2011-03-22'),(4816098,596229,'2011-03-22'),(4816137,597106,'2011-03-22'),(4816300,598518,'2011-03-22'),(4816364,599148,'2011-03-22'),(4816832,607230,'2011-03-22'),(4817143,617594,'2011-03-22'),(4817411,625838,'2011-03-22'),(4817473,626459,'2011-03-22'),(4817924,630121,'2011-03-22'),(4833012,38792,'2011-03-23'),(4840272,215233,'2011-03-23'),(4841355,133236,'2011-03-23'),(4842532,601215,'2011-03-23'),(4845703,605052,'2011-03-23'),(4846371,543983,'2011-03-23'),(4859318,268516,'2011-03-24'),(4859867,38792,'2011-03-24'),(4860656,410742,'2011-03-24'),(4860720,414594,'2011-03-24'),(4861812,503446,'2011-03-24'),(4862785,133236,'2011-03-24'),(4864079,595288,'2011-03-24'),(4864151,598518,'2011-03-24'),(4864351,607230,'2011-03-24'),(4864732,625200,'2011-03-24'),(4875927,220622,'2011-03-25'),(4877395,393683,'2011-03-25'),(4878238,435998,'2011-03-25'),(4880520,133236,'2011-03-25'),(4881286,591280,'2011-03-25'),(4881477,602066,'2011-03-25'),(4882357,630388,'2011-03-25'),(4882740,627618,'2011-03-25'),(4887021,26285,'2011-03-25'),(4897420,595068,'2011-03-26'),(4913268,608516,'2011-03-28'),(4916893,491081,'2011-03-28'),(4921206,435998,'2011-03-28'),(4923618,84978,'2011-03-29'),(4923792,107095,'2011-03-29'),(4923952,119834,'2011-03-29'),(4924540,186780,'2011-03-29'),(4924730,205336,'2011-03-29'),(4924781,210809,'2011-03-29'),(4924874,220622,'2011-03-29'),(4924945,227179,'2011-03-29'),(4925019,233870,'2011-03-29'),(4925079,238435,'2011-03-29'),(4925548,275128,'2011-03-29'),(4925655,284651,'2011-03-29'),(4925858,295264,'2011-03-29'),(4926968,356205,'2011-03-29'),(4927162,322517,'2011-03-29'),(4927205,374432,'2011-03-29'),(4927669,403331,'2011-03-29'),(4927674,403463,'2011-03-29'),(4927739,404964,'2011-03-29'),(4928002,414594,'2011-03-29'),(4928209,421685,'2011-03-29'),(4928889,199764,'2011-03-29'),(4929050,393683,'2011-03-29'),(4929295,475723,'2011-03-29'),(4929343,476547,'2011-03-29'),(4929551,456694,'2011-03-29'),(4929986,499456,'2011-03-29'),(4930007,499793,'2011-03-29'),(4930160,503446,'2011-03-29'),(4930265,506605,'2011-03-29'),(4930361,508021,'2011-03-29'),(4930677,515421,'2011-03-29'),(4930902,521256,'2011-03-29'),(4930959,521952,'2011-03-29'),(4930966,518947,'2011-03-29'),(4931126,355303,'2011-03-29'),(4931610,539760,'2011-03-29'),(4931624,521968,'2011-03-29'),(4931814,544424,'2011-03-29'),(4932065,551022,'2011-03-29'),(4932246,133236,'2011-03-29'),(4932266,553138,'2011-03-29'),(4932432,21138,'2011-03-29'),(4932433,553873,'2011-03-29'),(4932486,554158,'2011-03-29'),(4932547,35219,'2011-03-29'),(4932879,136756,'2011-03-29'),(4933165,243734,'2011-03-29'),(4933459,562334,'2011-03-29'),(4933509,329014,'2011-03-29'),(4933671,570219,'2011-03-29'),(4933832,574784,'2011-03-29'),(4933961,576123,'2011-03-29'),(4934169,578011,'2011-03-29'),(4934338,310709,'2011-03-29'),(4934555,586165,'2011-03-29'),(4934563,586260,'2011-03-29'),(4934844,595288,'2011-03-29'),(4934877,596229,'2011-03-29'),(4935058,598518,'2011-03-29'),(4935116,599148,'2011-03-29'),(4935398,602066,'2011-03-29'),(4935852,617594,'2011-03-29'),(4936057,625200,'2011-03-29'),(4936130,625838,'2011-03-29'),(4936628,630121,'2011-03-29'),(4961310,601215,'2011-03-30'),(4978711,205533,'2011-03-31'),(4979493,38792,'2011-03-31'),(4980330,414594,'2011-03-31'),(4981287,495276,'2011-03-31'),(4981406,503446,'2011-03-31'),(4982379,133236,'2011-03-31'),(4983108,576123,'2011-03-31'),(4983627,595288,'2011-03-31'),(4983960,608748,'2011-03-31'),(4984208,625200,'2011-03-31'),(4989038,205336,'2011-03-31'),(4996987,393683,'2011-04-01'),(4997796,435998,'2011-04-01'),(4999432,543983,'2011-04-01'),(5000031,133236,'2011-04-01'),(5000753,591280,'2011-04-01'),(5001750,630388,'2011-04-01'),(5002130,627618,'2011-04-01'),(5005834,26285,'2011-04-01'),(5012592,129017,'2011-04-02'),(5016963,595068,'2011-04-02'),(5020826,530553,'2011-04-02'),(5029603,133236,'2011-04-04'),(5032853,608516,'2011-04-04'),(5039737,435998,'2011-04-04'),(5043576,55680,'2011-04-05'),(5043789,84978,'2011-04-05'),(5043983,107095,'2011-04-05'),(5044110,117770,'2011-04-05'),(5044144,119834,'2011-04-05'),(5044278,129017,'2011-04-05'),(5044628,177295,'2011-04-05'),(5044711,186780,'2011-04-05'),(5044908,205336,'2011-04-05'),(5044932,82811,'2011-04-05'),(5045117,227179,'2011-04-05'),(5045190,233870,'2011-04-05'),(5045247,238435,'2011-04-05'),(5045349,240178,'2011-04-05'),(5045729,275128,'2011-04-05'),(5045834,284651,'2011-04-05'),(5046032,295264,'2011-04-05'),(5046131,301432,'2011-04-05'),(5046264,170111,'2011-04-05'),(5046654,38792,'2011-04-05'),(5047115,356205,'2011-04-05'),(5047324,322517,'2011-04-05'),(5047362,374432,'2011-04-05'),(5047822,403331,'2011-04-05'),(5047830,403463,'2011-04-05'),(5047900,404964,'2011-04-05'),(5048134,414594,'2011-04-05'),(5048340,421685,'2011-04-05'),(5048841,332184,'2011-04-05'),(5048991,199764,'2011-04-05'),(5049143,393683,'2011-04-05'),(5049364,475723,'2011-04-05'),(5049407,476547,'2011-04-05'),(5049619,456694,'2011-04-05'),(5050077,499793,'2011-04-05'),(5050208,503446,'2011-04-05'),(5050316,506605,'2011-04-05'),(5050350,507246,'2011-04-05'),(5050411,508021,'2011-04-05'),(5050413,508079,'2011-04-05'),(5051010,521952,'2011-04-05'),(5051175,355303,'2011-04-05'),(5051637,521968,'2011-04-05'),(5051802,241782,'2011-04-05'),(5051826,544424,'2011-04-05'),(5052075,551022,'2011-04-05'),(5052141,353210,'2011-04-05'),(5052277,237560,'2011-04-05'),(5052287,553138,'2011-04-05'),(5052480,21138,'2011-04-05'),(5052481,553873,'2011-04-05'),(5052542,554158,'2011-04-05'),(5052612,35219,'2011-04-05'),(5053497,562334,'2011-04-05'),(5054135,578011,'2011-04-05'),(5054285,310709,'2011-04-05'),(5054340,580505,'2011-04-05'),(5054491,586165,'2011-04-05'),(5054660,591280,'2011-04-05'),(5054781,595288,'2011-04-05'),(5054809,596229,'2011-04-05'),(5054847,597106,'2011-04-05'),(5055047,599148,'2011-04-05'),(5055341,602066,'2011-04-05'),(5055466,607230,'2011-04-05'),(5055734,617594,'2011-04-05'),(5055767,620110,'2011-04-05'),(5056015,626459,'2011-04-05'),(5056444,630388,'2011-04-05'),(5061276,10700,'2011-04-05'),(5079143,215233,'2011-04-06'),(5080083,133236,'2011-04-06'),(5081119,601215,'2011-04-06'),(5083789,605052,'2011-04-06'),(5093227,242432,'2011-04-06'),(5097534,205533,'2011-04-07'),(5097785,268516,'2011-04-07'),(5098316,38792,'2011-04-07'),(5099147,414594,'2011-04-07'),(5100076,495276,'2011-04-07'),(5100178,503446,'2011-04-07'),(5101075,133236,'2011-04-07'),(5101777,576123,'2011-04-07'),(5102227,595288,'2011-04-07'),(5102452,607230,'2011-04-07'),(5102767,625200,'2011-04-07'),(5102895,629549,'2011-04-07'),(5107014,205336,'2011-04-07'),(5116283,435998,'2011-04-08'),(5118377,133236,'2011-04-08'),(5119024,591280,'2011-04-08'),(5119182,602066,'2011-04-08'),(5119923,630388,'2011-04-08'),(5120250,627618,'2011-04-08'),(5121304,109109,'2011-04-08'),(5134476,595068,'2011-04-09'),(5146654,133236,'2011-04-11'),(5150528,554795,'2011-04-11'),(5155393,435998,'2011-04-11'),(5160376,84978,'2011-04-12'),(5160551,107095,'2011-04-12'),(5160671,117770,'2011-04-12'),(5160703,119834,'2011-04-12'),(5161169,177295,'2011-04-12'),(5161256,186780,'2011-04-12'),(5161434,205336,'2011-04-12'),(5161481,210809,'2011-04-12'),(5161688,233870,'2011-04-12'),(5161746,238435,'2011-04-12'),(5161834,240178,'2011-04-12'),(5162096,268516,'2011-04-12'),(5162201,275128,'2011-04-12'),(5162299,284651,'2011-04-12'),(5162494,295264,'2011-04-12'),(5162588,301432,'2011-04-12'),(5162726,170111,'2011-04-12'),(5163061,38792,'2011-04-12'),(5163534,356205,'2011-04-12'),(5163725,322517,'2011-04-12'),(5163768,374432,'2011-04-12'),(5164199,403331,'2011-04-12'),(5164204,403463,'2011-04-12'),(5164261,404964,'2011-04-12'),(5164681,421685,'2011-04-12'),(5165213,452460,'2011-04-12'),(5165299,199764,'2011-04-12'),(5165448,393683,'2011-04-12'),(5165668,475723,'2011-04-12'),(5165711,476547,'2011-04-12'),(5166319,499793,'2011-04-12'),(5166459,503446,'2011-04-12'),(5166555,506605,'2011-04-12'),(5166587,507246,'2011-04-12'),(5166643,508021,'2011-04-12'),(5166930,515421,'2011-04-12'),(5167121,521256,'2011-04-12'),(5167169,521952,'2011-04-12'),(5167315,355303,'2011-04-12'),(5167748,539760,'2011-04-12'),(5167761,521968,'2011-04-12'),(5167906,241782,'2011-04-12'),(5167935,544424,'2011-04-12'),(5168162,551022,'2011-04-12'),(5168215,353210,'2011-04-12'),(5168311,133236,'2011-04-12'),(5168323,237560,'2011-04-12'),(5168333,553138,'2011-04-12'),(5168478,21138,'2011-04-12'),(5168479,553873,'2011-04-12'),(5168529,554158,'2011-04-12'),(5168583,35219,'2011-04-12'),(5168847,136756,'2011-04-12'),(5169085,243734,'2011-04-12'),(5169329,562334,'2011-04-12'),(5169369,329014,'2011-04-12'),(5169616,573974,'2011-04-12'),(5169760,576123,'2011-04-12'),(5169942,578011,'2011-04-12'),(5170090,310709,'2011-04-12'),(5170418,591280,'2011-04-12'),(5170515,595288,'2011-04-12'),(5170540,596229,'2011-04-12'),(5170737,599148,'2011-04-12'),(5170974,602066,'2011-04-12'),(5171099,607230,'2011-04-12'),(5171362,617594,'2011-04-12'),(5171402,620110,'2011-04-12'),(5171529,625200,'2011-04-12'),(5171645,626459,'2011-04-12'),(5172005,630121,'2011-04-12'),(5172029,630388,'2011-04-12'),(5176334,10700,'2011-04-12'),(5194959,133236,'2011-04-13'),(5195907,601215,'2011-04-13'),(5198736,543983,'2011-04-13'),(5199609,611509,'2011-04-13'),(5205908,242432,'2011-04-13'),(5211470,205533,'2011-04-14'),(5212214,38792,'2011-04-14'),(5212917,410742,'2011-04-14'),(5213834,495276,'2011-04-14'),(5213945,503446,'2011-04-14'),(5214770,133236,'2011-04-14'),(5215376,576123,'2011-04-14'),(5215796,595288,'2011-04-14'),(5215844,598518,'2011-04-14'),(5215986,607230,'2011-04-14'),(5216059,608748,'2011-04-14'),(5216259,625200,'2011-04-14'),(5219904,205336,'2011-04-14'),(5228522,393683,'2011-04-15'),(5229245,435998,'2011-04-15'),(5230654,543983,'2011-04-15'),(5231094,133236,'2011-04-15'),(5231702,591280,'2011-04-15'),(5231842,602066,'2011-04-15'),(5232821,627618,'2011-04-15'),(5233769,109109,'2011-04-15'),(5235667,26285,'2011-04-15'),(5246612,595068,'2011-04-16'),(5258047,133236,'2011-04-18'),(5261504,554795,'2011-04-18'),(5263140,491081,'2011-04-18'),(5265738,435998,'2011-04-18'),(5271380,55680,'2011-04-19'),(5271413,60826,'2011-04-19'),(5271570,84978,'2011-04-19'),(5271753,107095,'2011-04-19'),(5271865,117770,'2011-04-19'),(5271895,119834,'2011-04-19'),(5272344,177295,'2011-04-19'),(5272412,186780,'2011-04-19'),(5272587,205336,'2011-04-19'),(5272765,227179,'2011-04-19'),(5272837,233870,'2011-04-19'),(5272881,238435,'2011-04-19'),(5272975,240178,'2011-04-19'),(5273329,275128,'2011-04-19'),(5273421,284651,'2011-04-19'),(5273603,295264,'2011-04-19'),(5273812,170111,'2011-04-19'),(5274158,38792,'2011-04-19'),(5274580,356205,'2011-04-19'),(5274768,322517,'2011-04-19'),(5274803,374432,'2011-04-19'),(5275215,403331,'2011-04-19'),(5275221,403463,'2011-04-19'),(5275278,404964,'2011-04-19'),(5275670,421685,'2011-04-19'),(5276111,332184,'2011-04-19'),(5276159,452460,'2011-04-19'),(5276388,393683,'2011-04-19'),(5276588,475723,'2011-04-19'),(5276629,476547,'2011-04-19'),(5277221,499793,'2011-04-19'),(5277341,503446,'2011-04-19'),(5277440,506605,'2011-04-19'),(5277466,507246,'2011-04-19'),(5277773,515421,'2011-04-19'),(5277964,521256,'2011-04-19'),(5278018,521952,'2011-04-19'),(5278154,355303,'2011-04-19'),(5278555,521968,'2011-04-19'),(5278696,241782,'2011-04-19'),(5278718,544424,'2011-04-19'),(5278942,551022,'2011-04-19'),(5278999,353210,'2011-04-19'),(5279101,133236,'2011-04-19'),(5279113,237560,'2011-04-19'),(5279123,553138,'2011-04-19'),(5279271,21138,'2011-04-19'),(5279272,553873,'2011-04-19'),(5279375,35219,'2011-04-19'),(5279647,136756,'2011-04-19'),(5280097,562334,'2011-04-19'),(5280137,329014,'2011-04-19'),(5280457,576123,'2011-04-19'),(5280614,578011,'2011-04-19'),(5280740,310709,'2011-04-19'),(5280790,580505,'2011-04-19'),(5281047,591280,'2011-04-19'),(5281137,595288,'2011-04-19'),(5281308,598518,'2011-04-19'),(5281355,599148,'2011-04-19'),(5281605,602066,'2011-04-19'),(5281715,607230,'2011-04-19'),(5281926,617594,'2011-04-19'),(5282049,625200,'2011-04-19'),(5282143,626459,'2011-04-19'),(5282457,630121,'2011-04-19'),(5282478,630388,'2011-04-19'),(5286434,10700,'2011-04-19'),(5305115,133236,'2011-04-20'),(5305987,601215,'2011-04-20'),(5308550,554795,'2011-04-20'),(5308573,543983,'2011-04-20'),(5309388,611509,'2011-04-20'),(5320295,205533,'2011-04-21'),(5320522,268516,'2011-04-21'),(5321001,38792,'2011-04-21'),(5321703,410742,'2011-04-21'),(5322565,495276,'2011-04-21'),(5322653,503446,'2011-04-21'),(5323422,133236,'2011-04-21'),(5323999,576123,'2011-04-21'),(5324368,595288,'2011-04-21'),(5324415,598518,'2011-04-21'),(5324559,607230,'2011-04-21'),(5324825,625200,'2011-04-21'),(5328172,205336,'2011-04-21'),(5333731,530553,'2011-04-21'),(5335917,393683,'2011-04-21'),(5336597,435998,'2011-04-21'),(5338870,591280,'2011-04-21'),(5338994,602066,'2011-04-21'),(5340714,109109,'2011-04-21'),(5352067,595068,'2011-04-23'),(5356565,55680,'2011-04-26'),(5356605,60826,'2011-04-26'),(5356774,84978,'2011-04-26'),(5356945,107095,'2011-04-26'),(5357056,117770,'2011-04-26'),(5357085,119834,'2011-04-26'),(5357541,177295,'2011-04-26'),(5357621,186780,'2011-04-26'),(5357789,205336,'2011-04-26'),(5357816,82811,'2011-04-26'),(5357840,210809,'2011-04-26'),(5357977,227179,'2011-04-26'),(5358045,233870,'2011-04-26'),(5358093,238435,'2011-04-26'),(5358181,240178,'2011-04-26'),(5358432,268516,'2011-04-26'),(5358534,275128,'2011-04-26'),(5358637,284651,'2011-04-26'),(5358830,295264,'2011-04-26'),(5359049,170111,'2011-04-26'),(5359371,38792,'2011-04-26'),(5360001,322517,'2011-04-26'),(5360038,374432,'2011-04-26'),(5360469,403331,'2011-04-26'),(5360473,403463,'2011-04-26'),(5360527,404964,'2011-04-26'),(5360632,410742,'2011-04-26'),(5360931,421685,'2011-04-26'),(5361429,452460,'2011-04-26'),(5361653,393683,'2011-04-26'),(5361861,475723,'2011-04-26'),(5361906,476547,'2011-04-26'),(5362491,499793,'2011-04-26'),(5362622,503446,'2011-04-26'),(5362709,506605,'2011-04-26'),(5362741,507246,'2011-04-26'),(5362798,508079,'2011-04-26'),(5363181,515421,'2011-04-26'),(5363373,521256,'2011-04-26'),(5363417,521952,'2011-04-26'),(5363553,355303,'2011-04-26'),(5363958,539760,'2011-04-26'),(5363970,521968,'2011-04-26'),(5364106,241782,'2011-04-26'),(5364129,544424,'2011-04-26'),(5364340,551022,'2011-04-26'),(5364387,353210,'2011-04-26'),(5364483,133236,'2011-04-26'),(5364491,553035,'2011-04-26'),(5364495,237560,'2011-04-26'),(5364505,553138,'2011-04-26'),(5364627,21138,'2011-04-26'),(5364628,553873,'2011-04-26'),(5364965,136756,'2011-04-26'),(5365421,562334,'2011-04-26'),(5365457,329014,'2011-04-26'),(5365813,576123,'2011-04-26'),(5365979,578011,'2011-04-26'),(5366115,310709,'2011-04-26'),(5366493,595288,'2011-04-26'),(5366686,599148,'2011-04-26'),(5366931,602066,'2011-04-26'),(5367045,607230,'2011-04-26'),(5367282,617594,'2011-04-26'),(5367425,625200,'2011-04-26'),(5367544,626459,'2011-04-26'),(5367909,630388,'2011-04-26'),(5371853,10700,'2011-04-26'),(5392695,554795,'2011-04-26'),(5394095,491081,'2011-04-26'),(5396270,435998,'2011-04-26'),(5407971,215233,'2011-04-27'),(5408638,133236,'2011-04-27'),(5423568,242432,'2011-04-27'),(5425479,38792,'2011-04-28'),(5426135,410742,'2011-04-28'),(5426983,495276,'2011-04-28'),(5427085,503446,'2011-04-28'),(5427802,133236,'2011-04-28'),(5428313,576123,'2011-04-28'),(5428674,595288,'2011-04-28'),(5428837,607230,'2011-04-28'),(5428904,608748,'2011-04-28'),(5429074,625200,'2011-04-28'),(5432200,205336,'2011-04-28'),(5436624,530553,'2011-04-28'),(5441014,393683,'2011-04-28'),(5441678,435998,'2011-04-28'),(5443928,591280,'2011-04-28'),(5444064,602066,'2011-04-28'),(5447384,26285,'2011-04-28'),(5456923,595068,'2011-04-30'),(5461428,55680,'2011-05-03'),(5461465,60826,'2011-05-03'),(5461627,84978,'2011-05-03'),(5461808,107095,'2011-05-03'),(5461929,117770,'2011-05-03'),(5461957,119834,'2011-05-03'),(5462090,129017,'2011-05-03'),(5462429,177295,'2011-05-03'),(5462513,186780,'2011-05-03'),(5462696,205336,'2011-05-03'),(5462716,82811,'2011-05-03'),(5462870,190170,'2011-05-03'),(5462884,227179,'2011-05-03'),(5463005,238435,'2011-05-03'),(5463098,240178,'2011-05-03'),(5463462,275128,'2011-05-03'),(5463754,295264,'2011-05-03'),(5463977,170111,'2011-05-03'),(5464333,38792,'2011-05-03'),(5464764,356205,'2011-05-03'),(5464954,322517,'2011-05-03'),(5464986,374432,'2011-05-03'),(5465400,403331,'2011-05-03'),(5465474,404964,'2011-05-03'),(5465565,410742,'2011-05-03'),(5466341,332184,'2011-05-03'),(5466391,452460,'2011-05-03'),(5466613,393683,'2011-05-03'),(5466862,476547,'2011-05-03'),(5467054,456694,'2011-05-03'),(5467466,499456,'2011-05-03'),(5467485,499793,'2011-05-03'),(5467605,503446,'2011-05-03'),(5467699,506605,'2011-05-03'),(5467726,507246,'2011-05-03'),(5467785,508021,'2011-05-03'),(5467786,508079,'2011-05-03'),(5468049,515421,'2011-05-03'),(5468245,521256,'2011-05-03'),(5468301,521952,'2011-05-03'),(5468445,355303,'2011-05-03'),(5468861,521968,'2011-05-03'),(5469000,241782,'2011-05-03'),(5469019,544424,'2011-05-03'),(5469244,551022,'2011-05-03'),(5469303,353210,'2011-05-03'),(5469414,133236,'2011-05-03'),(5469427,237560,'2011-05-03'),(5469436,553138,'2011-05-03'),(5469574,21138,'2011-05-03'),(5469575,553873,'2011-05-03'),(5469681,35219,'2011-05-03'),(5469952,136756,'2011-05-03'),(5470412,329014,'2011-05-03'),(5470637,574784,'2011-05-03'),(5470730,576123,'2011-05-03'),(5470880,578011,'2011-05-03'),(5470997,310709,'2011-05-03'),(5471043,580505,'2011-05-03'),(5471049,581161,'2011-05-03'),(5471387,595288,'2011-05-03'),(5471411,596229,'2011-05-03'),(5471608,599148,'2011-05-03'),(5471863,602066,'2011-05-03'),(5471967,607230,'2011-05-03'),(5472186,617594,'2011-05-03'),(5472311,625200,'2011-05-03'),(5472363,625838,'2011-05-03'),(5472745,630121,'2011-05-03'),(5472764,630388,'2011-05-03'),(5476664,10700,'2011-05-03'),(5497147,605052,'2011-05-03'),(5498785,491081,'2011-05-03'),(5500983,435998,'2011-05-03'),(5514014,133236,'2011-05-04'),(5516999,605052,'2011-05-04'),(5517401,554795,'2011-05-04'),(5528130,242432,'2011-05-04'),(5532811,205533,'2011-05-05'),(5533043,268516,'2011-05-05'),(5533559,38792,'2011-05-05'),(5535180,495276,'2011-05-05'),(5535277,503446,'2011-05-05'),(5536039,133236,'2011-05-05'),(5536583,576123,'2011-05-05'),(5536935,595288,'2011-05-05'),(5537105,607230,'2011-05-05'),(5537352,625200,'2011-05-05'),(5540507,205336,'2011-05-05'),(5549544,393683,'2011-05-06'),(5550254,435998,'2011-05-06'),(5552087,133236,'2011-05-06'),(5552781,602066,'2011-05-06'),(5553402,630388,'2011-05-06'),(5553651,627618,'2011-05-06'),(5579424,133236,'2011-05-09'),(5582713,554795,'2011-05-09'),(5584204,491081,'2011-05-09'),(5586456,435998,'2011-05-09'),(5593752,55680,'2011-05-10'),(5593794,60826,'2011-05-10'),(5593975,84978,'2011-05-10'),(5594140,107095,'2011-05-10'),(5594253,117770,'2011-05-10'),(5594286,119834,'2011-05-10'),(5594760,177295,'2011-05-10'),(5594846,186780,'2011-05-10'),(5595024,205336,'2011-05-10'),(5595047,82811,'2011-05-10'),(5595071,210809,'2011-05-10'),(5595208,227179,'2011-05-10'),(5595333,238435,'2011-05-10'),(5595659,268516,'2011-05-10'),(5595767,275128,'2011-05-10'),(5596061,295264,'2011-05-10'),(5596271,170111,'2011-05-10'),(5596293,205533,'2011-05-10'),(5596591,38792,'2011-05-10'),(5596746,251741,'2011-05-10'),(5597043,356205,'2011-05-10'),(5597227,322517,'2011-05-10'),(5597263,374432,'2011-05-10'),(5597674,403331,'2011-05-10'),(5597738,404964,'2011-05-10'),(5598638,452460,'2011-05-10'),(5598717,199764,'2011-05-10'),(5598847,393683,'2011-05-10'),(5599051,475723,'2011-05-10'),(5599097,476547,'2011-05-10'),(5599279,456694,'2011-05-10'),(5599642,499456,'2011-05-10'),(5599663,499793,'2011-05-10'),(5599792,503446,'2011-05-10'),(5599877,506605,'2011-05-10'),(5599908,507246,'2011-05-10'),(5599958,508021,'2011-05-10'),(5599962,508079,'2011-05-10'),(5600403,521256,'2011-05-10'),(5600449,521952,'2011-05-10'),(5600579,355303,'2011-05-10'),(5600962,539760,'2011-05-10'),(5600976,521968,'2011-05-10'),(5601107,241782,'2011-05-10'),(5601127,544424,'2011-05-10'),(5601333,551022,'2011-05-10'),(5601382,353210,'2011-05-10'),(5601466,133236,'2011-05-10'),(5601477,237560,'2011-05-10'),(5601485,553138,'2011-05-10'),(5601596,21138,'2011-05-10'),(5601597,553873,'2011-05-10'),(5601682,35219,'2011-05-10'),(5602355,329014,'2011-05-10'),(5602586,574784,'2011-05-10'),(5602675,576123,'2011-05-10'),(5602818,578011,'2011-05-10'),(5602938,310709,'2011-05-10'),(5602994,581161,'2011-05-10'),(5603308,595288,'2011-05-10'),(5603331,596229,'2011-05-10'),(5603491,599148,'2011-05-10'),(5603700,602066,'2011-05-10'),(5603809,607230,'2011-05-10'),(5604022,617594,'2011-05-10'),(5604152,625200,'2011-05-10'),(5604591,630388,'2011-05-10'),(5608056,10700,'2011-05-10'),(5619019,242432,'2011-05-10'),(5627424,133236,'2011-05-11'),(5630645,554795,'2011-05-11'),(5646863,205533,'2011-05-12'),(5647593,38792,'2011-05-12'),(5648267,410742,'2011-05-12'),(5649125,495276,'2011-05-12'),(5649227,503446,'2011-05-12'),(5649966,133236,'2011-05-12'),(5650483,576123,'2011-05-12'),(5650834,595288,'2011-05-12'),(5651003,607230,'2011-05-12'),(5651235,625200,'2011-05-12'),(5654136,205336,'2011-05-12'),(5664503,393683,'2011-05-13'),(5665192,435998,'2011-05-13'),(5666955,133236,'2011-05-13'),(5667611,602066,'2011-05-13'),(5668188,630388,'2011-05-13'),(5668447,627618,'2011-05-13'),(5670801,26285,'2011-05-13'),(5697141,133236,'2011-05-16'),(5700047,605052,'2011-05-16'),(5701655,491081,'2011-05-16'),(5703751,435998,'2011-05-16'),(5712967,55680,'2011-05-17'),(5713000,60826,'2011-05-17'),(5713165,84978,'2011-05-17'),(5713345,107095,'2011-05-17'),(5713462,117770,'2011-05-17'),(5713494,119834,'2011-05-17'),(5713943,177295,'2011-05-17'),(5714021,186780,'2011-05-17'),(5714203,205336,'2011-05-17'),(5714224,82811,'2011-05-17'),(5714392,227179,'2011-05-17'),(5714512,238435,'2011-05-17'),(5714953,275128,'2011-05-17'),(5715222,295264,'2011-05-17'),(5715421,170111,'2011-05-17'),(5715563,318945,'2011-05-17'),(5715758,38792,'2011-05-17'),(5715889,251741,'2011-05-17'),(5716166,356205,'2011-05-17'),(5716350,322517,'2011-05-17'),(5716385,374432,'2011-05-17'),(5716770,403331,'2011-05-17'),(5716839,404964,'2011-05-17'),(5717220,421685,'2011-05-17'),(5717646,332184,'2011-05-17'),(5717699,452460,'2011-05-17'),(5717778,199764,'2011-05-17'),(5717900,393683,'2011-05-17'),(5718104,475723,'2011-05-17'),(5718145,476547,'2011-05-17'),(5718328,456694,'2011-05-17'),(5718695,499456,'2011-05-17'),(5718713,499793,'2011-05-17'),(5718833,503446,'2011-05-17'),(5718919,506605,'2011-05-17'),(5718947,507246,'2011-05-17'),(5719002,508079,'2011-05-17'),(5719433,521256,'2011-05-17'),(5719487,521952,'2011-05-17'),(5719615,355303,'2011-05-17'),(5719978,521968,'2011-05-17'),(5720102,241782,'2011-05-17'),(5720120,544424,'2011-05-17'),(5720335,551022,'2011-05-17'),(5720389,353210,'2011-05-17'),(5720480,133236,'2011-05-17'),(5720490,237560,'2011-05-17'),(5720497,553138,'2011-05-17'),(5720611,21138,'2011-05-17'),(5720612,553873,'2011-05-17'),(5720698,35219,'2011-05-17'),(5720936,136756,'2011-05-17'),(5721363,329014,'2011-05-17'),(5721573,574784,'2011-05-17'),(5721664,576123,'2011-05-17'),(5721802,578011,'2011-05-17'),(5721908,310709,'2011-05-17'),(5721953,580505,'2011-05-17'),(5722067,586165,'2011-05-17'),(5722263,595288,'2011-05-17'),(5722285,596229,'2011-05-17'),(5722455,599148,'2011-05-17'),(5722678,602066,'2011-05-17'),(5722949,617594,'2011-05-17'),(5722974,620110,'2011-05-17'),(5723055,625200,'2011-05-17'),(5723104,625838,'2011-05-17'),(5723442,630388,'2011-05-17'),(5726708,10700,'2011-05-17'),(5736605,242432,'2011-05-17'),(5748483,133236,'2011-05-18'),(5749792,620110,'2011-05-18'),(5751153,605052,'2011-05-18'),(5751505,554795,'2011-05-18'),(5769103,268516,'2011-05-19'),(5769603,38792,'2011-05-19'),(5771108,495276,'2011-05-19'),(5771195,503446,'2011-05-19'),(5771896,133236,'2011-05-19'),(5772416,576123,'2011-05-19'),(5772725,595288,'2011-05-19'),(5773102,625200,'2011-05-19'),(5775842,205336,'2011-05-19'),(5788538,393683,'2011-05-20'),(5789213,435998,'2011-05-20'),(5790928,133236,'2011-05-20'),(5792108,630388,'2011-05-20'),(5792339,627618,'2011-05-20'),(5822197,133236,'2011-05-23'),(5824952,605052,'2011-05-23'),(5826432,491081,'2011-05-23'),(5828387,435998,'2011-05-23'),(5838844,60826,'2011-05-24'),(5839015,84978,'2011-05-24'),(5839181,107095,'2011-05-24'),(5839294,117770,'2011-05-24'),(5839450,129017,'2011-05-24'),(5839773,177295,'2011-05-24'),(5840035,205336,'2011-05-24'),(5840057,82811,'2011-05-24'),(5840078,210809,'2011-05-24'),(5840219,227179,'2011-05-24'),(5840340,238435,'2011-05-24'),(5840425,240178,'2011-05-24'),(5840669,268516,'2011-05-24'),(5840772,275128,'2011-05-24'),(5840870,284651,'2011-05-24'),(5841052,295264,'2011-05-24'),(5841260,170111,'2011-05-24'),(5841388,318945,'2011-05-24'),(5841564,38792,'2011-05-24'),(5841707,251741,'2011-05-24'),(5841997,356205,'2011-05-24'),(5842177,322517,'2011-05-24'),(5842210,374432,'2011-05-24'),(5842609,403331,'2011-05-24'),(5843045,421685,'2011-05-24'),(5843532,452460,'2011-05-24'),(5843609,199764,'2011-05-24'),(5843728,393683,'2011-05-24'),(5843935,475723,'2011-05-24'),(5843978,476547,'2011-05-24'),(5844156,456694,'2011-05-24'),(5844501,499456,'2011-05-24'),(5844521,499793,'2011-05-24'),(5844648,503446,'2011-05-24'),(5844720,506605,'2011-05-24'),(5844753,507246,'2011-05-24'),(5844802,508021,'2011-05-24'),(5845224,521256,'2011-05-24'),(5845267,521952,'2011-05-24'),(5845383,355303,'2011-05-24'),(5845745,539760,'2011-05-24'),(5845752,521968,'2011-05-24'),(5845867,241782,'2011-05-24'),(5845882,544424,'2011-05-24'),(5846066,551022,'2011-05-24'),(5846112,353210,'2011-05-24'),(5846197,133236,'2011-05-24'),(5846207,237560,'2011-05-24'),(5846216,553138,'2011-05-24'),(5846317,21138,'2011-05-24'),(5846318,553873,'2011-05-24'),(5846611,136756,'2011-05-24'),(5847039,329014,'2011-05-24'),(5847345,576123,'2011-05-24'),(5847486,578011,'2011-05-24'),(5847598,310709,'2011-05-24'),(5847753,586165,'2011-05-24'),(5847948,595288,'2011-05-24'),(5847967,596229,'2011-05-24'),(5848124,599148,'2011-05-24'),(5848601,617594,'2011-05-24'),(5848716,625200,'2011-05-24'),(5849109,630388,'2011-05-24'),(5852199,10700,'2011-05-24'),(5861189,242432,'2011-05-24'),(5875800,133236,'2011-05-25'),(5878318,605052,'2011-05-25'),(5878691,554795,'2011-05-25'),(5895368,205533,'2011-05-26'),(5896077,38792,'2011-05-26'),(5897554,495276,'2011-05-26'),(5897659,503446,'2011-05-26'),(5898339,133236,'2011-05-26'),(5898849,576123,'2011-05-26'),(5899174,595288,'2011-05-26'),(5899523,625200,'2011-05-26'),(5914538,393683,'2011-05-27'),(5915213,435998,'2011-05-27'),(5916869,133236,'2011-05-27'),(5918004,630388,'2011-05-27'),(5918247,627618,'2011-05-27'),(5940073,60826,'2011-05-31'),(5940240,84978,'2011-05-31'),(5940421,107095,'2011-05-31'),(5940534,117770,'2011-05-31'),(5940684,129017,'2011-05-31'),(5941012,177295,'2011-05-31'),(5941090,186780,'2011-05-31'),(5941275,205336,'2011-05-31'),(5941296,82811,'2011-05-31'),(5941438,190170,'2011-05-31'),(5941452,227179,'2011-05-31'),(5941657,240178,'2011-05-31'),(5942003,275128,'2011-05-31'),(5942087,284651,'2011-05-31'),(5942262,295264,'2011-05-31'),(5942356,301432,'2011-05-31'),(5942470,170111,'2011-05-31'),(5942493,205533,'2011-05-31'),(5942604,318945,'2011-05-31'),(5942803,38792,'2011-05-31'),(5942929,251741,'2011-05-31'),(5943222,356205,'2011-05-31'),(5943402,322517,'2011-05-31'),(5943439,374432,'2011-05-31'),(5943832,403331,'2011-05-31'),(5944271,421685,'2011-05-31'),(5944685,332184,'2011-05-31'),(5944732,452460,'2011-05-31'),(5944804,199764,'2011-05-31'),(5944929,393683,'2011-05-31'),(5945126,475723,'2011-05-31'),(5945347,456694,'2011-05-31'),(5945704,499456,'2011-05-31'),(5945722,499793,'2011-05-31'),(5945837,503446,'2011-05-31'),(5945923,506605,'2011-05-31'),(5945951,507246,'2011-05-31'),(5946004,508021,'2011-05-31'),(5946006,508079,'2011-05-31'),(5946427,521256,'2011-05-31'),(5946479,521952,'2011-05-31'),(5946600,355303,'2011-05-31'),(5946959,521968,'2011-05-31'),(5947080,241782,'2011-05-31'),(5947096,544424,'2011-05-31'),(5947299,551022,'2011-05-31'),(5947350,353210,'2011-05-31'),(5947435,133236,'2011-05-31'),(5947443,237560,'2011-05-31'),(5947452,553138,'2011-05-31'),(5947560,21138,'2011-05-31'),(5947561,553873,'2011-05-31'),(5948293,329014,'2011-05-31'),(5948571,576123,'2011-05-31'),(5948707,578011,'2011-05-31'),(5948811,310709,'2011-05-31'),(5948854,580505,'2011-05-31'),(5948979,586165,'2011-05-31'),(5949180,595288,'2011-05-31'),(5949203,596229,'2011-05-31'),(5949365,599148,'2011-05-31'),(5949836,617594,'2011-05-31'),(5949942,625200,'2011-05-31'),(5949989,625838,'2011-05-31'),(5953430,10700,'2011-05-31'),(5962209,242432,'2011-05-31'),(5978490,605052,'2011-05-31'),(5979812,491081,'2011-05-31'),(5981509,435998,'2011-05-31'),(6011355,491081,'2011-06-01'),(6018448,133236,'2011-06-01'),(6020865,605052,'2011-06-01'),(6021188,554795,'2011-06-01'),(6040270,205533,'2011-06-02'),(6040482,268516,'2011-06-02'),(6040965,38792,'2011-06-02'),(6042424,495276,'2011-06-02'),(6042513,503446,'2011-06-02'),(6043198,133236,'2011-06-02'),(6043693,576123,'2011-06-02'),(6043989,595288,'2011-06-02'),(6044140,607230,'2011-06-02'),(6044341,625200,'2011-06-02'),(6049506,530553,'2011-06-02'),(6058804,393683,'2011-06-03'),(6059468,435998,'2011-06-03'),(6061115,133236,'2011-06-03'),(6062439,627618,'2011-06-03'),(6091477,133236,'2011-06-06'),(6094113,605052,'2011-06-06'),(6095466,491081,'2011-06-06'),(6097240,435998,'2011-06-06'),(6108376,60826,'2011-06-07'),(6108551,84978,'2011-06-07'),(6108714,107095,'2011-06-07'),(6108828,117770,'2011-06-07'),(6109298,177295,'2011-06-07'),(6109388,186780,'2011-06-07'),(6109561,205336,'2011-06-07'),(6109582,82811,'2011-06-07'),(6109601,210809,'2011-06-07'),(6109734,227179,'2011-06-07'),(6109851,238435,'2011-06-07'),(6110166,268516,'2011-06-07'),(6110363,284651,'2011-06-07'),(6110541,295264,'2011-06-07'),(6110641,301432,'2011-06-07'),(6111479,356205,'2011-06-07'),(6111652,322517,'2011-06-07'),(6111686,374432,'2011-06-07'),(6112072,403331,'2011-06-07'),(6112974,452460,'2011-06-07'),(6113048,199764,'2011-06-07'),(6113172,393683,'2011-06-07'),(6113401,476547,'2011-06-07'),(6113565,456694,'2011-06-07'),(6113888,499456,'2011-06-07'),(6113909,499793,'2011-06-07'),(6114028,503446,'2011-06-07'),(6114101,506605,'2011-06-07'),(6114130,507246,'2011-06-07'),(6114173,508021,'2011-06-07'),(6114177,508079,'2011-06-07'),(6114583,521256,'2011-06-07'),(6114625,521952,'2011-06-07'),(6114739,355303,'2011-06-07'),(6115079,539760,'2011-06-07'),(6115089,521968,'2011-06-07'),(6115207,241782,'2011-06-07'),(6115225,544424,'2011-06-07'),(6115403,551022,'2011-06-07'),(6115447,353210,'2011-06-07'),(6115522,133236,'2011-06-07'),(6115529,237560,'2011-06-07'),(6115538,553138,'2011-06-07'),(6115637,553873,'2011-06-07'),(6116309,329014,'2011-06-07'),(6116415,570219,'2011-06-07'),(6116740,578011,'2011-06-07'),(6116839,310709,'2011-06-07'),(6117169,595288,'2011-06-07'),(6117187,596229,'2011-06-07'),(6117327,599148,'2011-06-07'),(6117800,617594,'2011-06-07'),(6117914,625200,'2011-06-07'),(6117956,625838,'2011-06-07'),(6118268,630121,'2011-06-07'),(6118290,630388,'2011-06-07'),(6121156,10700,'2011-06-07'),(6128900,242432,'2011-06-07');
/*!40000 ALTER TABLE `box` ENABLE KEYS */;
UNLOCK TABLES;

--
-- Table structure for table `box_to_product`
--

DROP TABLE IF EXISTS `box_to_product`;
/*!40101 SET @saved_cs_client     = @@character_set_client */;
/*!40101 SET character_set_client = utf8 */;
CREATE TABLE `box_to_product` (
  `product_id` int(11) NOT NULL,
  `box_id` int(11) NOT NULL,
  PRIMARY KEY (`product_id`,`box_id`),
  KEY `delivery_id` (`box_id`)
) ENGINE=InnoDB DEFAULT CHARSET=latin1;
/*!40101 SET character_set_client = @saved_cs_client */;

--
-- Dumping data for table `box_to_product`
--

LOCK TABLES `box_to_product` WRITE;
/*!40000 ALTER TABLE `box_to_product` DISABLE KEYS */;
INSERT INTO `box_to_product` VALUES (501,3633111),(569,3633111),(648,3633111),(660,3633111),(501,3633811),(523,3633811),(586,3633811),(647,3633811),(515,3634060),(523,3634060),(571,3634060),(575,3634060),(508,3635467),(541,3635467),(566,3635467),(664,3635467),(510,3636625),(514,3636625),(640,3636625),(664,3636625),(631,3636879),(640,3636879),(643,3636879),(645,3636879),(529,3638352),(569,3638352),(575,3638352),(640,3638352),(523,3638687),(525,3638687),(541,3638687),(566,3638687),(525,3639215),(631,3639215),(640,3639215),(655,3639215),(526,3640389),(575,3640389),(640,3640389),(648,3640389),(507,3640900),(515,3640900),(568,3640900),(640,3640900),(521,3643226),(544,3643226),(631,3643226),(655,3643226),(514,3643823),(637,3643823),(648,3643823),(663,3643823),(505,3669048),(526,3669048),(631,3669048),(643,3669048),(509,3680849),(521,3680849),(647,3680849),(650,3680849),(502,3692547),(509,3692547),(515,3692547),(586,3692547),(501,3703857),(515,3703857),(568,3703857),(642,3703857),(514,3704757),(526,3704757),(648,3704757),(650,3704757),(529,3705000),(650,3705000),(656,3705000),(664,3705000),(524,3705975),(643,3705975),(656,3705975),(664,3705975),(515,3706027),(523,3706027),(655,3706027),(664,3706027),(502,3706355),(509,3706355),(525,3706355),(569,3706355),(571,3706875),(637,3706875),(647,3706875),(655,3706875),(509,3706894),(529,3706894),(563,3706894),(650,3706894),(501,3707224),(526,3707224),(544,3707224),(663,3707224),(105,3709593),(508,3709593),(544,3709593),(663,3709593),(501,3710984),(566,3710984),(631,3710984),(638,3710984),(106,3711847),(521,3711847),(571,3711847),(581,3711847),(523,3712693),(543,3712693),(586,3712693),(658,3712693),(106,3713005),(514,3713005),(544,3713005),(664,3713005),(358,3713548),(502,3713548),(523,3713548),(581,3713548),(106,3713728),(501,3713728),(640,3713728),(664,3713728),(510,3713762),(527,3713762),(544,3713762),(571,3713762),(106,3714251),(502,3714251),(569,3714251),(581,3714251),(105,3714686),(544,3714686),(569,3714686),(640,3714686),(514,3715304),(569,3715304),(575,3715304),(663,3715304),(515,3717673),(526,3717673),(631,3717673),(638,3717673),(514,3718106),(631,3718106),(656,3718106),(664,3718106),(501,3719742),(523,3719742),(631,3719742),(640,3719742),(515,3720664),(526,3720664),(529,3720664),(581,3720664),(519,3724630),(568,3724630),(640,3724630),(656,3724630),(358,3749764),(501,3749764),(521,3749764),(649,3749764),(106,3759439),(541,3759439),(596,3759439),(651,3759439),(502,3764005),(575,3764005),(649,3764005),(663,3764005),(523,3767654),(525,3767654),(650,3767654),(651,3767654),(501,3768271),(521,3768271),(649,3768271),(651,3768271),(107,3794291),(525,3794291),(526,3794291),(543,3794291),(502,3794625),(509,3794625),(581,3794625),(656,3794625),(507,3794981),(521,3794981),(569,3794981),(650,3794981),(521,3795039),(566,3795039),(649,3795039),(651,3795039),(505,3795416),(643,3795416),(649,3795416),(652,3795416),(502,3796265),(510,3796265),(652,3796265),(660,3796265),(508,3798457),(521,3798457),(541,3798457),(581,3798457),(502,3799216),(541,3799216),(582,3799216),(656,3799216),(358,3799540),(521,3799540),(541,3799540),(581,3799540),(525,3800806),(569,3800806),(631,3800806),(638,3800806),(107,3801456),(521,3801456),(571,3801456),(649,3801456),(510,3802008),(543,3802008),(566,3802008),(650,3802008),(107,3802709),(501,3802709),(521,3802709),(648,3802709),(510,3803006),(513,3803006),(543,3803006),(566,3803006),(541,3803227),(569,3803227),(635,3803227),(651,3803227),(523,3803506),(586,3803506),(645,3803506),(648,3803506),(524,3803948),(541,3803948),(649,3803948),(656,3803948),(107,3803964),(502,3803964),(505,3803964),(649,3803964),(505,3804254),(525,3804254),(541,3804254),(569,3804254),(505,3805839),(525,3805839),(571,3805839),(651,3805839),(107,3806405),(509,3806405),(582,3806405),(651,3806405),(107,3806799),(501,3806799),(510,3806799),(569,3806799),(107,3806995),(521,3806995),(569,3806995),(650,3806995),(106,3807619),(503,3807619),(643,3807619),(648,3807619),(505,3811493),(541,3811493),(631,3811493),(645,3811493),(505,3811703),(508,3811703),(569,3811703),(643,3811703),(505,3811823),(571,3811823),(648,3811823),(663,3811823),(509,3814837),(567,3814837),(631,3814837),(656,3814837),(107,3815101),(502,3815101),(631,3815101),(638,3815101),(509,3815810),(567,3815810),(631,3815810),(656,3815810),(107,3816683),(523,3816683),(569,3816683),(631,3816683),(525,3816924),(526,3816924),(631,3816924),(656,3816924),(106,3832621),(519,3832621),(571,3832621),(642,3832621),(107,3844195),(519,3844195),(569,3844195),(582,3844195),(107,3848118),(571,3848118),(582,3848118),(638,3848118),(107,3848200),(358,3848200),(575,3848200),(651,3848200),(107,3850580),(501,3850580),(510,3850580),(571,3850580),(514,3855691),(519,3855691),(569,3855691),(675,3855691),(501,3856817),(523,3856817),(631,3856817),(680,3856817),(524,3859596),(526,3859596),(571,3859596),(663,3859596),(650,3862265),(652,3862265),(664,3862265),(667,3862265),(647,3862634),(655,3862634),(663,3862634),(675,3862634),(358,3866551),(521,3866551),(541,3866551),(669,3866551),(501,3874197),(569,3874197),(656,3874197),(669,3874197),(501,3875893),(541,3875893),(664,3875893),(667,3875893),(521,3886686),(631,3886686),(643,3886686),(669,3886686),(643,3891974),(651,3891974),(667,3891974),(675,3891974),(631,3891975),(655,3891975),(664,3891975),(669,3891975),(575,3892256),(649,3892256),(667,3892256),(670,3892256),(107,3892706),(652,3892706),(663,3892706),(673,3892706),(649,3893038),(652,3893038),(664,3893038),(675,3893038),(502,3893411),(525,3893411),(638,3893411),(670,3893411),(501,3893460),(541,3893460),(656,3893460),(673,3893460),(543,3893511),(649,3893511),(652,3893511),(673,3893511),(514,3893602),(541,3893602),(645,3893602),(670,3893602),(575,3893743),(635,3893743),(654,3893743),(675,3893743),(509,3893783),(566,3893783),(663,3893783),(674,3893783),(505,3894001),(524,3894001),(664,3894001),(675,3894001),(509,3894149),(648,3894149),(663,3894149),(667,3894149),(509,3894282),(563,3894282),(664,3894282),(675,3894282),(514,3894601),(586,3894601),(652,3894601),(675,3894601),(510,3894880),(521,3894880),(663,3894880),(670,3894880),(596,3895118),(643,3895118),(667,3895118),(670,3895118),(503,3895407),(543,3895407),(663,3895407),(670,3895407),(514,3895606),(582,3895606),(631,3895606),(675,3895606),(526,3896478),(631,3896478),(663,3896478),(680,3896478),(106,3896770),(501,3896770),(582,3896770),(670,3896770),(544,3897248),(649,3897248),(652,3897248),(669,3897248),(575,3897450),(581,3897450),(652,3897450),(667,3897450),(514,3897744),(523,3897744),(631,3897744),(670,3897744),(521,3898308),(582,3898308),(643,3898308),(675,3898308),(501,3898804),(569,3898804),(655,3898804),(667,3898804),(631,3898943),(664,3898943),(667,3898943),(673,3898943),(502,3899180),(656,3899180),(664,3899180),(673,3899180),(631,3899512),(643,3899512),(664,3899512),(669,3899512),(638,3899572),(651,3899572),(664,3899572),(675,3899572),(631,3899860),(650,3899860),(655,3899860),(673,3899860),(631,3900338),(643,3900338),(655,3900338),(669,3900338),(513,3900530),(543,3900530),(567,3900530),(571,3900530),(631,3900748),(655,3900748),(664,3900748),(675,3900748),(508,3900910),(655,3900910),(664,3900910),(675,3900910),(541,3900960),(582,3900960),(650,3900960),(664,3900960),(106,3901525),(643,3901525),(652,3901525),(675,3901525),(649,3901864),(654,3901864),(664,3901864),(673,3901864),(523,3902238),(581,3902238),(667,3902238),(670,3902238),(575,3902611),(643,3902611),(664,3902611),(667,3902611),(582,3902966),(643,3902966),(663,3902966),(675,3902966),(582,3903661),(643,3903661),(655,3903661),(675,3903661),(575,3904169),(643,3904169),(667,3904169),(675,3904169),(501,3904404),(541,3904404),(638,3904404),(670,3904404),(649,3904453),(650,3904453),(652,3904453),(680,3904453),(501,3904564),(502,3904564),(543,3904564),(569,3904564),(501,3904607),(582,3904607),(651,3904607),(670,3904607),(501,3904662),(569,3904662),(643,3904662),(667,3904662),(501,3904963),(650,3904963),(651,3904963),(664,3904963),(501,3905157),(652,3905157),(655,3905157),(675,3905157),(543,3905373),(643,3905373),(655,3905373),(669,3905373),(514,3905378),(566,3905378),(655,3905378),(669,3905378),(543,3905580),(643,3905580),(655,3905580),(667,3905580),(502,3906275),(566,3906275),(655,3906275),(669,3906275),(509,3906847),(521,3906847),(569,3906847),(669,3906847),(501,3908410),(569,3908410),(638,3908410),(669,3908410),(643,3908600),(654,3908600),(655,3908600),(670,3908600),(501,3908673),(655,3908673),(667,3908673),(669,3908673),(501,3908804),(649,3908804),(655,3908804),(669,3908804),(543,3909715),(569,3909715),(642,3909715),(669,3909715),(649,3910082),(654,3910082),(663,3910082),(669,3910082),(502,3910347),(581,3910347),(655,3910347),(667,3910347),(569,3910504),(655,3910504),(664,3910504),(670,3910504),(521,3910817),(541,3910817),(664,3910817),(673,3910817),(575,3910923),(649,3910923),(664,3910923),(670,3910923),(501,3912239),(569,3912239),(655,3912239),(667,3912239),(541,3912377),(652,3912377),(664,3912377),(669,3912377),(581,3913029),(643,3913029),(651,3913029),(667,3913029),(569,3914255),(649,3914255),(664,3914255),(669,3914255),(586,3914466),(590,3914466),(645,3914466),(663,3914466),(501,3915181),(571,3915181),(631,3915181),(669,3915181),(649,3916566),(651,3916566),(669,3916566),(670,3916566),(575,3916916),(581,3916916),(655,3916916),(669,3916916),(523,3931396),(581,3931396),(638,3931396),(675,3931396),(503,3931540),(569,3931540),(631,3931540),(670,3931540),(358,3935870),(509,3935870),(645,3935870),(675,3935870),(566,3935887),(655,3935887),(664,3935887),(673,3935887),(501,3937156),(569,3937156),(631,3937156),(669,3937156),(541,3938659),(582,3938659),(643,3938659),(673,3938659),(541,3939115),(581,3939115),(640,3939115),(670,3939115),(515,3940378),(575,3940378),(631,3940378),(680,3940378),(508,3941303),(586,3941303),(664,3941303),(667,3941303),(509,3941349),(582,3941349),(586,3941349),(677,3941349),(505,3943019),(566,3943019),(651,3943019),(670,3943019),(541,3943957),(569,3943957),(654,3943957),(680,3943957),(509,3945029),(569,3945029),(655,3945029),(669,3945029),(502,3948709),(569,3948709),(651,3948709),(680,3948709),(568,3948744),(631,3948744),(635,3948744),(680,3948744),(502,3950172),(581,3950172),(638,3950172),(674,3950172),(581,3951505),(655,3951505),(670,3951505),(680,3951505),(501,3952058),(569,3952058),(581,3952058),(667,3952058),(501,3952207),(566,3952207),(631,3952207),(680,3952207),(652,3952538),(655,3952538),(664,3952538),(670,3952538),(501,3953280),(571,3953280),(631,3953280),(667,3953280),(569,3953381),(667,3953381),(673,3953381),(680,3953381),(501,3953546),(581,3953546),(651,3953546),(670,3953546),(526,3954537),(543,3954537),(652,3954537),(680,3954537),(107,3956350),(566,3956350),(631,3956350),(667,3956350),(509,3958150),(566,3958150),(650,3958150),(667,3958150),(571,3961863),(648,3961863),(664,3961863),(680,3961863),(107,3964057),(513,3964057),(575,3964057),(677,3964057),(107,3967515),(501,3967515),(582,3967515),(677,3967515),(501,3980539),(631,3980539),(651,3980539),(670,3980539),(104,3993035),(582,3993035),(645,3993035),(674,3993035),(105,4000779),(581,4000779),(655,4000779),(677,4000779),(107,4000825),(505,4000825),(508,4000825),(581,4000825),(105,4000837),(521,4000837),(581,4000837),(675,4000837),(527,4001487),(655,4001487),(663,4001487),(677,4001487),(541,4002106),(655,4002106),(670,4002106),(677,4002106),(107,4002146),(566,4002146),(655,4002146),(674,4002146),(104,4003032),(581,4003032),(663,4003032),(673,4003032),(525,4003062),(541,4003062),(655,4003062),(670,4003062),(501,4003063),(523,4003063),(524,4003063),(677,4003063),(104,4003091),(581,4003091),(663,4003091),(670,4003091),(104,4003200),(544,4003200),(575,4003200),(670,4003200),(510,4003280),(563,4003280),(640,4003280),(673,4003280),(582,4003365),(651,4003365),(663,4003365),(677,4003365),(509,4003544),(648,4003544),(674,4003544),(677,4003544),(509,4003567),(529,4003567),(563,4003567),(650,4003567),(502,4003891),(544,4003891),(663,4003891),(670,4003891),(514,4004175),(541,4004175),(655,4004175),(675,4004175),(567,4004740),(581,4004740),(655,4004740),(667,4004740),(104,4004897),(501,4004897),(569,4004897),(581,4004897),(648,4005152),(654,4005152),(663,4005152),(673,4005152),(107,4005366),(582,4005366),(651,4005366),(677,4005366),(104,4006013),(515,4006013),(670,4006013),(677,4006013),(104,4006644),(640,4006644),(652,4006644),(675,4006644),(650,4006722),(655,4006722),(674,4006722),(677,4006722),(502,4007304),(582,4007304),(655,4007304),(670,4007304),(104,4008089),(502,4008089),(656,4008089),(677,4008089),(104,4008440),(510,4008440),(575,4008440),(651,4008440),(509,4008530),(510,4008530),(571,4008530),(586,4008530),(105,4009114),(527,4009114),(663,4009114),(677,4009114),(575,4009739),(654,4009739),(655,4009739),(677,4009739),(104,4009773),(501,4009773),(571,4009773),(677,4009773),(104,4009993),(656,4009993),(663,4009993),(670,4009993),(107,4010177),(510,4010177),(581,4010177),(677,4010177),(527,4010211),(652,4010211),(663,4010211),(667,4010211),(524,4010465),(526,4010465),(586,4010465),(645,4010465),(590,4010466),(635,4010466),(652,4010466),(677,4010466),(501,4010517),(582,4010517),(637,4010517),(677,4010517),(104,4011142),(513,4011142),(667,4011142),(677,4011142),(525,4011153),(541,4011153),(655,4011153),(677,4011153),(104,4011735),(581,4011735),(640,4011735),(677,4011735),(105,4012160),(651,4012160),(655,4012160),(677,4012160),(104,4012180),(631,4012180),(658,4012180),(677,4012180),(107,4012464),(635,4012464),(655,4012464),(677,4012464),(501,4012712),(652,4012712),(663,4012712),(677,4012712),(502,4012826),(519,4012826),(568,4012826),(667,4012826),(104,4012982),(541,4012982),(582,4012982),(674,4012982),(104,4013143),(523,4013143),(541,4013143),(631,4013143),(104,4013361),(650,4013361),(655,4013361),(674,4013361),(104,4013398),(655,4013398),(670,4013398),(677,4013398),(502,4013797),(507,4013797),(541,4013797),(563,4013797),(581,4013849),(667,4013849),(670,4013849),(677,4013849),(501,4014143),(519,4014143),(543,4014143),(667,4014143),(502,4014201),(566,4014201),(567,4014201),(650,4014201),(502,4014320),(505,4014320),(521,4014320),(566,4014320),(105,4014385),(510,4014385),(655,4014385),(670,4014385),(505,4015394),(568,4015394),(650,4015394),(667,4015394),(524,4015975),(563,4015975),(652,4015975),(658,4015975),(647,4016809),(656,4016809),(670,4016809),(677,4016809),(107,4017077),(652,4017077),(670,4017077),(677,4017077),(515,4017085),(543,4017085),(650,4017085),(667,4017085),(502,4017759),(566,4017759),(655,4017759),(667,4017759),(521,4018199),(631,4018199),(670,4018199),(677,4018199),(501,4018344),(655,4018344),(663,4018344),(675,4018344),(505,4018381),(586,4018381),(638,4018381),(651,4018381),(569,4018415),(637,4018415),(640,4018415),(650,4018415),(521,4018545),(523,4018545),(648,4018545),(675,4018545),(104,4018776),(509,4018776),(663,4018776),(677,4018776),(569,4018852),(654,4018852),(655,4018852),(673,4018852),(581,4018888),(654,4018888),(663,4018888),(670,4018888),(105,4019016),(501,4019016),(521,4019016),(670,4019016),(107,4019353),(651,4019353),(663,4019353),(677,4019353),(104,4019758),(582,4019758),(651,4019758),(670,4019758),(104,4019924),(652,4019924),(670,4019924),(674,4019924),(104,4020285),(502,4020285),(640,4020285),(677,4020285),(104,4020300),(541,4020300),(569,4020300),(645,4020300),(543,4020480),(650,4020480),(655,4020480),(667,4020480),(581,4021015),(652,4021015),(667,4021015),(670,4021015),(521,4021403),(560,4021403),(582,4021403),(677,4021403),(107,4022171),(501,4022171),(655,4022171),(677,4022171),(501,4022223),(582,4022223),(655,4022223),(674,4022223),(501,4022545),(582,4022545),(652,4022545),(667,4022545),(502,4022624),(631,4022624),(654,4022624),(670,4022624),(502,4022845),(523,4022845),(582,4022845),(667,4022845),(525,4023182),(541,4023182),(568,4023182),(667,4023182),(526,4023230),(581,4023230),(582,4023230),(654,4023230),(505,4023274),(571,4023274),(648,4023274),(664,4023274),(104,4023516),(651,4023516),(663,4023516),(670,4023516),(582,4023566),(654,4023566),(663,4023566),(675,4023566),(107,4023634),(521,4023634),(569,4023634),(673,4023634),(505,4024033),(524,4024033),(581,4024033),(663,4024033),(107,4024385),(569,4024385),(652,4024385),(673,4024385),(501,4024424),(631,4024424),(651,4024424),(670,4024424),(501,4024592),(648,4024592),(654,4024592),(674,4024592),(523,4024929),(648,4024929),(654,4024929),(673,4024929),(501,4025109),(543,4025109),(654,4025109),(670,4025109),(501,4025241),(631,4025241),(654,4025241),(670,4025241),(524,4025623),(645,4025623),(670,4025623),(673,4025623),(510,4025803),(582,4025803),(652,4025803),(670,4025803),(526,4025824),(582,4025824),(654,4025824),(670,4025824),(358,4025829),(501,4025829),(581,4025829),(667,4025829),(505,4025926),(571,4025926),(648,4025926),(663,4025926),(105,4026194),(501,4026194),(642,4026194),(677,4026194),(568,4026269),(582,4026269),(663,4026269),(670,4026269),(105,4026388),(513,4026388),(642,4026388),(677,4026388),(509,4026515),(567,4026515),(631,4026515),(656,4026515),(107,4026516),(501,4026516),(523,4026516),(670,4026516),(505,4027524),(571,4027524),(648,4027524),(663,4027524),(104,4027835),(501,4027835),(563,4027835),(667,4027835),(107,4027985),(581,4027985),(655,4027985),(677,4027985),(513,4028121),(582,4028121),(647,4028121),(673,4028121),(525,4028668),(541,4028668),(631,4028668),(670,4028668),(502,4041539),(525,4041539),(586,4041539),(677,4041539),(107,4044569),(515,4044569),(673,4044569),(677,4044569),(105,4047845),(655,4047845),(663,4047845),(677,4047845),(501,4055785),(569,4055785),(647,4055785),(655,4055785),(502,4057135),(507,4057135),(581,4057135),(640,4057135),(105,4057326),(648,4057326),(652,4057326),(673,4057326),(523,4059029),(566,4059029),(651,4059029),(674,4059029),(501,4059529),(568,4059529),(640,4059529),(647,4059529),(631,4061425),(652,4061425),(655,4061425),(670,4061425),(105,4061465),(501,4061465),(566,4061465),(674,4061465),(104,4063432),(582,4063432),(655,4063432),(674,4063432),(509,4063778),(567,4063778),(631,4063778),(656,4063778),(104,4065030),(521,4065030),(541,4065030),(670,4065030),(501,4065541),(631,4065541),(651,4065541),(670,4065541),(502,4065621),(575,4065621),(631,4065621),(640,4065621),(501,4066528),(521,4066528),(569,4066528),(650,4066528),(529,4068824),(670,4068824),(673,4068824),(674,4068824),(502,4076211),(510,4076211),(521,4076211),(575,4076211),(502,4080349),(652,4080349),(656,4080349),(675,4080349),(104,4083808),(358,4083808),(501,4083808),(521,4083808),(515,4087199),(569,4087199),(652,4087199),(655,4087199),(104,4113281),(521,4113281),(566,4113281),(631,4113281),(502,4116240),(566,4116240),(582,4116240),(671,4116240),(586,4116284),(643,4116284),(652,4116284),(680,4116284),(508,4116995),(569,4116995),(655,4116995),(671,4116995),(648,4117326),(670,4117326),(675,4117326),(680,4117326),(509,4117416),(638,4117416),(663,4117416),(669,4117416),(527,4117465),(648,4117465),(663,4117465),(667,4117465),(569,4117715),(649,4117715),(664,4117715),(669,4117715),(502,4117859),(509,4117859),(649,4117859),(680,4117859),(501,4118015),(569,4118015),(575,4118015),(680,4118015),(541,4118074),(645,4118074),(664,4118074),(669,4118074),(505,4118777),(525,4118777),(649,4118777),(674,4118777),(541,4119004),(581,4119004),(582,4119004),(669,4119004),(501,4119315),(505,4119315),(566,4119315),(669,4119315),(527,4119472),(649,4119472),(651,4119472),(677,4119472),(590,4119592),(649,4119592),(652,4119592),(663,4119592),(503,4119686),(508,4119686),(526,4119686),(663,4119686),(524,4120287),(649,4120287),(654,4120287),(675,4120287),(650,4120569),(660,4120569),(664,4120569),(672,4120569),(501,4121011),(510,4121011),(582,4121011),(680,4121011),(541,4121135),(563,4121135),(582,4121135),(664,4121135),(631,4121203),(643,4121203),(664,4121203),(680,4121203),(649,4121332),(655,4121332),(663,4121332),(671,4121332),(505,4121495),(541,4121495),(643,4121495),(672,4121495),(502,4122015),(649,4122015),(664,4122015),(680,4122015),(509,4122422),(544,4122422),(663,4122422),(674,4122422),(581,4122478),(643,4122478),(655,4122478),(680,4122478),(541,4122816),(652,4122816),(663,4122816),(670,4122816),(501,4123124),(586,4123124),(677,4123124),(680,4123124),(566,4123685),(650,4123685),(664,4123685),(671,4123685),(571,4124056),(581,4124056),(582,4124056),(677,4124056),(566,4124396),(643,4124396),(649,4124396),(667,4124396),(501,4124436),(569,4124436),(648,4124436),(675,4124436),(527,4124521),(635,4124521),(648,4124521),(651,4124521),(527,4124527),(569,4124527),(663,4124527),(669,4124527),(501,4124707),(541,4124707),(664,4124707),(680,4124707),(523,4124948),(586,4124948),(645,4124948),(664,4124948),(523,4125266),(663,4125266),(670,4125266),(675,4125266),(523,4125370),(541,4125370),(643,4125370),(680,4125370),(650,4125379),(654,4125379),(663,4125379),(670,4125379),(501,4126517),(631,4126517),(671,4126517),(680,4126517),(543,4126555),(569,4126555),(635,4126555),(680,4126555),(526,4126789),(638,4126789),(648,4126789),(680,4126789),(107,4126880),(563,4126880),(670,4126880),(677,4126880),(501,4127017),(571,4127017),(663,4127017),(680,4127017),(563,4127177),(648,4127177),(663,4127177),(674,4127177),(509,4127323),(544,4127323),(643,4127323),(667,4127323),(513,4127391),(652,4127391),(664,4127391),(680,4127391),(649,4127424),(651,4127424),(663,4127424),(677,4127424),(563,4127452),(649,4127452),(664,4127452),(680,4127452),(502,4127707),(638,4127707),(648,4127707),(669,4127707),(519,4127931),(649,4127931),(663,4127931),(675,4127931),(643,4128104),(649,4128104),(663,4128104),(680,4128104),(502,4128280),(569,4128280),(638,4128280),(680,4128280),(649,4128489),(651,4128489),(664,4128489),(670,4128489),(503,4129273),(563,4129273),(654,4129273),(664,4129273),(523,4129804),(571,4129804),(663,4129804),(675,4129804),(523,4129871),(643,4129871),(650,4129871),(680,4129871),(631,4130099),(643,4130099),(663,4130099),(671,4130099),(107,4130664),(649,4130664),(663,4130664),(675,4130664),(543,4131014),(650,4131014),(655,4131014),(669,4131014),(575,4131153),(643,4131153),(663,4131153),(674,4131153),(541,4131283),(643,4131283),(663,4131283),(671,4131283),(501,4131455),(649,4131455),(664,4131455),(667,4131455),(541,4131539),(649,4131539),(664,4131539),(667,4131539),(575,4131634),(582,4131634),(643,4131634),(680,4131634),(509,4132221),(566,4132221),(637,4132221),(680,4132221),(502,4132342),(638,4132342),(645,4132342),(675,4132342),(358,4132664),(505,4132664),(649,4132664),(672,4132664),(514,4132978),(541,4132978),(649,4132978),(672,4132978),(527,4133216),(569,4133216),(649,4133216),(680,4133216),(649,4133225),(663,4133225),(670,4133225),(671,4133225),(667,4133497),(670,4133497),(671,4133497),(680,4133497),(514,4133900),(541,4133900),(648,4133900),(671,4133900),(649,4134352),(652,4134352),(669,4134352),(671,4134352),(358,4134500),(638,4134500),(643,4134500),(669,4134500),(569,4134535),(649,4134535),(663,4134535),(670,4134535),(502,4134841),(649,4134841),(663,4134841),(680,4134841),(582,4135319),(638,4135319),(669,4135319),(677,4135319),(541,4135597),(643,4135597),(664,4135597),(667,4135597),(105,4136056),(581,4136056),(650,4136056),(680,4136056),(505,4136144),(649,4136144),(664,4136144),(677,4136144),(505,4136198),(509,4136198),(649,4136198),(677,4136198),(571,4136337),(647,4136337),(652,4136337),(667,4136337),(631,4136508),(643,4136508),(664,4136508),(672,4136508),(501,4136581),(581,4136581),(671,4136581),(680,4136581),(631,4136896),(642,4136896),(663,4136896),(677,4136896),(543,4137854),(652,4137854),(663,4137854),(670,4137854),(501,4138041),(505,4138041),(569,4138041),(680,4138041),(515,4138044),(643,4138044),(652,4138044),(680,4138044),(514,4142906),(582,4142906),(669,4142906),(670,4142906),(581,4157095),(643,4157095),(664,4157095),(667,4157095),(510,4160893),(582,4160893),(664,4160893),(680,4160893),(509,4168344),(515,4168344),(650,4168344),(671,4168344),(521,4168936),(566,4168936),(581,4168936),(643,4168936),(502,4169917),(509,4169917),(677,4169917),(680,4169917),(502,4169997),(571,4169997),(649,4169997),(667,4169997),(505,4172907),(525,4172907),(649,4172907),(671,4172907),(582,4174441),(637,4174441),(651,4174441),(671,4174441),(505,4174778),(582,4174778),(643,4174778),(675,4174778),(569,4174806),(582,4174806),(656,4174806),(670,4174806),(582,4175867),(643,4175867),(650,4175867),(667,4175867),(541,4176382),(663,4176382),(670,4176382),(680,4176382),(651,4176441),(655,4176441),(671,4176441),(677,4176441),(643,4178007),(656,4178007),(672,4178007),(677,4178007),(569,4179603),(652,4179603),(656,4179603),(671,4179603),(521,4186784),(569,4186784),(643,4186784),(671,4186784),(501,4187815),(523,4187815),(631,4187815),(677,4187815),(541,4191447),(667,4191447),(677,4191447),(678,4191447),(631,4193305),(643,4193305),(667,4193305),(671,4193305),(571,4195420),(582,4195420),(650,4195420),(680,4195420),(582,4196732),(643,4196732),(664,4196732),(680,4196732),(501,4219525),(523,4219525),(582,4219525),(674,4219525),(503,4226443),(671,4226443),(675,4226443),(679,4226443),(638,4229081),(651,4229081),(674,4229081),(679,4229081),(507,4229695),(509,4229695),(649,4229695),(679,4229695),(566,4230099),(650,4230099),(655,4230099),(674,4230099),(541,4230740),(631,4230740),(654,4230740),(678,4230740),(504,4230839),(642,4230839),(651,4230839),(675,4230839),(523,4230893),(541,4230893),(643,4230893),(674,4230893),(643,4231582),(655,4231582),(664,4231582),(675,4231582),(509,4231602),(529,4231602),(675,4231602),(678,4231602),(504,4232036),(541,4232036),(648,4232036),(669,4232036),(504,4232389),(569,4232389),(637,4232389),(670,4232389),(504,4232504),(643,4232504),(648,4232504),(669,4232504),(504,4232658),(508,4232658),(541,4232658),(671,4232658),(501,4233879),(566,4233879),(631,4233879),(667,4233879),(504,4233930),(569,4233930),(649,4233930),(671,4233930),(586,4234468),(649,4234468),(656,4234468),(678,4234468),(541,4234678),(582,4234678),(638,4234678),(678,4234678),(586,4235077),(638,4235077),(643,4235077),(677,4235077),(521,4235358),(582,4235358),(650,4235358),(678,4235358),(504,4235781),(521,4235781),(649,4235781),(677,4235781),(648,4235905),(655,4235905),(671,4235905),(678,4235905),(502,4236093),(544,4236093),(656,4236093),(679,4236093),(504,4236399),(569,4236399),(638,4236399),(678,4236399),(525,4236458),(631,4236458),(655,4236458),(671,4236458),(514,4236705),(544,4236705),(664,4236705),(670,4236705),(510,4236913),(541,4236913),(569,4236913),(571,4236913),(504,4237272),(514,4237272),(541,4237272),(569,4237272),(541,4237624),(566,4237624),(650,4237624),(679,4237624),(513,4237698),(543,4237698),(544,4237698),(679,4237698),(504,4237704),(648,4237704),(671,4237704),(678,4237704),(643,4237870),(648,4237870),(655,4237870),(670,4237870),(504,4237921),(521,4237921),(566,4237921),(669,4237921),(358,4238394),(527,4238394),(581,4238394),(642,4238394),(571,4238473),(649,4238473),(655,4238473),(669,4238473),(510,4238481),(527,4238481),(571,4238481),(649,4238481),(523,4239351),(582,4239351),(675,4239351),(679,4239351),(527,4239368),(569,4239368),(650,4239368),(678,4239368),(582,4239567),(652,4239567),(655,4239567),(678,4239567),(571,4239799),(637,4239799),(675,4239799),(678,4239799),(642,4239879),(645,4239879),(674,4239879),(675,4239879),(509,4240105),(525,4240105),(642,4240105),(675,4240105),(514,4240117),(566,4240117),(635,4240117),(670,4240117),(508,4240308),(581,4240308),(638,4240308),(670,4240308),(504,4240315),(523,4240315),(582,4240315),(675,4240315),(504,4240335),(569,4240335),(631,4240335),(670,4240335),(524,4240583),(638,4240583),(664,4240583),(677,4240583),(509,4240683),(582,4240683),(635,4240683),(677,4240683),(504,4240684),(571,4240684),(582,4240684),(669,4240684),(505,4240796),(526,4240796),(669,4240796),(677,4240796),(525,4241335),(586,4241335),(645,4241335),(664,4241335),(660,4242220),(664,4242220),(671,4242220),(675,4242220),(501,4242233),(569,4242233),(643,4242233),(656,4242233),(582,4242837),(652,4242837),(670,4242837),(675,4242837),(505,4243155),(647,4243155),(651,4243155),(675,4243155),(503,4243401),(582,4243401),(650,4243401),(670,4243401),(513,4243617),(656,4243617),(670,4243617),(677,4243617),(509,4243962),(521,4243962),(569,4243962),(678,4243962),(527,4244259),(568,4244259),(581,4244259),(667,4244259),(513,4244379),(648,4244379),(650,4244379),(678,4244379),(501,4244626),(541,4244626),(582,4244626),(667,4244626),(501,4244637),(582,4244637),(643,4244637),(667,4244637),(643,4245117),(652,4245117),(663,4245117),(677,4245117),(504,4245164),(566,4245164),(655,4245164),(674,4245164),(523,4245255),(541,4245255),(648,4245255),(674,4245255),(566,4245332),(581,4245332),(643,4245332),(669,4245332),(521,4245647),(648,4245647),(664,4245647),(675,4245647),(566,4246155),(655,4246155),(675,4246155),(679,4246155),(501,4246777),(649,4246777),(671,4246777),(678,4246777),(505,4246995),(509,4246995),(569,4246995),(672,4246995),(509,4247383),(569,4247383),(667,4247383),(679,4247383),(358,4247655),(504,4247655),(523,4247655),(655,4247655),(571,4248511),(635,4248511),(652,4248511),(672,4248511),(501,4269264),(631,4269264),(669,4269264),(678,4269264),(509,4279506),(652,4279506),(660,4279506),(663,4279506),(504,4280692),(631,4280692),(638,4280692),(667,4280692),(582,4281557),(586,4281557),(635,4281557),(651,4281557),(569,4286726),(654,4286726),(656,4286726),(672,4286726),(504,4286740),(569,4286740),(647,4286740),(667,4286740),(505,4286751),(509,4286751),(652,4286751),(677,4286751),(501,4287687),(505,4287687),(569,4287687),(674,4287687),(358,4287807),(501,4287807),(582,4287807),(667,4287807),(654,4287946),(655,4287946),(671,4287946),(677,4287946),(505,4288153),(569,4288153),(652,4288153),(670,4288153),(509,4298320),(569,4298320),(637,4298320),(675,4298320),(501,4304461),(569,4304461),(649,4304461),(672,4304461),(566,4310801),(655,4310801),(672,4310801),(679,4310801),(527,4333716),(543,4333716),(649,4333716),(672,4333716),(515,4334939),(569,4334939),(643,4334939),(674,4334939),(358,4336829),(508,4336829),(650,4336829),(655,4336829),(521,4337518),(544,4337518),(569,4337518),(673,4337518),(541,4340123),(586,4340123),(655,4340123),(678,4340123),(509,4340907),(569,4340907),(643,4340907),(674,4340907),(649,4340957),(652,4340957),(655,4340957),(680,4340957),(571,4341003),(650,4341003),(655,4341003),(679,4341003),(107,4341261),(501,4341261),(648,4341261),(670,4341261),(581,4341551),(643,4341551),(656,4341551),(670,4341551),(524,4341717),(529,4341717),(563,4341717),(650,4341717),(107,4342107),(501,4342107),(635,4342107),(647,4342107),(107,4342414),(523,4342414),(631,4342414),(680,4342414),(105,4342832),(502,4342832),(566,4342832),(648,4342832),(581,4342947),(582,4342947),(648,4342947),(649,4342947),(107,4343582),(523,4343582),(541,4343582),(680,4343582),(505,4343816),(649,4343816),(663,4343816),(673,4343816),(527,4344378),(569,4344378),(571,4344378),(678,4344378),(504,4344440),(649,4344440),(654,4344440),(678,4344440),(105,4344560),(501,4344560),(649,4344560),(679,4344560),(513,4344702),(569,4344702),(638,4344702),(680,4344702),(504,4344943),(569,4344943),(670,4344943),(679,4344943),(358,4345588),(502,4345588),(523,4345588),(667,4345588),(107,4345589),(569,4345589),(582,4345589),(680,4345589),(505,4345703),(541,4345703),(566,4345703),(680,4345703),(107,4345890),(523,4345890),(543,4345890),(671,4345890),(526,4346444),(645,4346444),(671,4346444),(679,4346444),(502,4346968),(571,4346968),(649,4346968),(677,4346968),(541,4347258),(569,4347258),(656,4347258),(670,4347258),(107,4347292),(502,4347292),(581,4347292),(652,4347292),(649,4347372),(652,4347372),(679,4347372),(680,4347372),(642,4347563),(647,4347563),(648,4347563),(680,4347563),(569,4347727),(649,4347727),(654,4347727),(675,4347727),(664,4347985),(671,4347985),(674,4347985),(680,4347985),(107,4348070),(504,4348070),(569,4348070),(667,4348070),(358,4348271),(504,4348271),(581,4348271),(667,4348271),(105,4348872),(514,4348872),(652,4348872),(680,4348872),(521,4349047),(569,4349047),(649,4349047),(675,4349047),(541,4349550),(563,4349550),(673,4349550),(679,4349550),(105,4349673),(505,4349673),(527,4349673),(680,4349673),(501,4349726),(523,4349726),(569,4349726),(680,4349726),(501,4349737),(569,4349737),(631,4349737),(680,4349737),(529,4349744),(569,4349744),(643,4349744),(679,4349744),(563,4349760),(664,4349760),(672,4349760),(680,4349760),(504,4349930),(541,4349930),(569,4349930),(680,4349930),(105,4349986),(569,4349986),(647,4349986),(673,4349986),(586,4350079),(638,4350079),(649,4350079),(678,4350079),(107,4350080),(569,4350080),(652,4350080),(667,4350080),(515,4350182),(569,4350182),(652,4350182),(670,4350182),(523,4350291),(541,4350291),(670,4350291),(677,4350291),(541,4350623),(638,4350623),(649,4350623),(673,4350623),(107,4351317),(501,4351317),(569,4351317),(678,4351317),(509,4351347),(645,4351347),(663,4351347),(674,4351347),(501,4351407),(569,4351407),(638,4351407),(678,4351407),(107,4351533),(541,4351533),(543,4351533),(651,4351533),(649,4351772),(656,4351772),(664,4351772),(671,4351772),(505,4351841),(569,4351841),(631,4351841),(670,4351841),(524,4352118),(567,4352118),(667,4352118),(671,4352118),(107,4352341),(502,4352341),(649,4352341),(678,4352341),(649,4352386),(654,4352386),(671,4352386),(679,4352386),(635,4352894),(649,4352894),(673,4352894),(678,4352894),(586,4352988),(650,4352988),(678,4352988),(680,4352988),(105,4352998),(569,4352998),(582,4352998),(670,4352998),(504,4352999),(569,4352999),(652,4352999),(680,4352999),(513,4353455),(521,4353455),(645,4353455),(667,4353455),(505,4353634),(643,4353634),(663,4353634),(674,4353634),(529,4353675),(649,4353675),(677,4353675),(679,4353675),(571,4353957),(649,4353957),(655,4353957),(680,4353957),(107,4354384),(649,4354384),(667,4354384),(679,4354384),(571,4354705),(649,4354705),(656,4354705),(679,4354705),(502,4354975),(631,4354975),(656,4354975),(674,4354975),(649,4355148),(655,4355148),(672,4355148),(679,4355148),(502,4355416),(566,4355416),(673,4355416),(680,4355416),(107,4355509),(541,4355509),(569,4355509),(673,4355509),(502,4355596),(521,4355596),(568,4355596),(669,4355596),(541,4355783),(650,4355783),(667,4355783),(672,4355783),(105,4356245),(526,4356245),(663,4356245),(667,4356245),(503,4373771),(649,4373771),(652,4373771),(679,4373771),(502,4376991),(571,4376991),(648,4376991),(673,4376991),(105,4379030),(649,4379030),(667,4379030),(679,4379030),(541,4382207),(638,4382207),(670,4382207),(679,4382207),(504,4383751),(631,4383751),(638,4383751),(667,4383751),(505,4388012),(514,4388012),(582,4388012),(656,4388012),(526,4389366),(567,4389366),(651,4389366),(667,4389366),(647,4389922),(663,4389922),(667,4389922),(670,4389922),(107,4390832),(526,4390832),(581,4390832),(667,4390832),(358,4390901),(502,4390901),(581,4390901),(667,4390901),(509,4394515),(581,4394515),(677,4394515),(680,4394515),(105,4394528),(631,4394528),(655,4394528),(670,4394528),(502,4395378),(631,4395378),(667,4395378),(670,4395378),(515,4395504),(581,4395504),(678,4395504),(680,4395504),(501,4395664),(509,4395664),(672,4395664),(680,4395664),(501,4396240),(651,4396240),(663,4396240),(670,4396240),(566,4404978),(581,4404978),(645,4404978),(669,4404978),(569,4406548),(650,4406548),(664,4406548),(680,4406548),(541,4407490),(568,4407490),(581,4407490),(680,4407490),(508,4413606),(509,4413606),(655,4413606),(664,4413606),(582,4448446),(650,4448446),(663,4448446),(667,4448446),(507,4448659),(650,4448659),(656,4448659),(670,4448659),(501,4448982),(581,4448982),(638,4448982),(671,4448982),(510,4449169),(582,4449169),(635,4449169),(664,4449169),(507,4449500),(581,4449500),(663,4449500),(671,4449500),(503,4449550),(581,4449550),(663,4449550),(671,4449550),(573,4449648),(631,4449648),(651,4449648),(675,4449648),(649,4449857),(650,4449857),(664,4449857),(667,4449857),(509,4449885),(581,4449885),(586,4449885),(675,4449885),(504,4450330),(505,4450330),(663,4450330),(680,4450330),(526,4450349),(529,4450349),(573,4450349),(664,4450349),(501,4450638),(541,4450638),(664,4450638),(670,4450638),(525,4450762),(544,4450762),(649,4450762),(660,4450762),(640,4450879),(650,4450879),(663,4450879),(674,4450879),(525,4451110),(566,4451110),(582,4451110),(673,4451110),(524,4451220),(544,4451220),(649,4451220),(671,4451220),(525,4451371),(544,4451371),(640,4451371),(670,4451371),(514,4451534),(582,4451534),(649,4451534),(675,4451534),(568,4452569),(582,4452569),(667,4452569),(670,4452569),(568,4453080),(631,4453080),(667,4453080),(671,4453080),(631,4453294),(655,4453294),(663,4453294),(671,4453294),(541,4453671),(582,4453671),(652,4453671),(671,4453671),(502,4453934),(525,4453934),(664,4453934),(675,4453934),(508,4454339),(541,4454339),(571,4454339),(656,4454339),(503,4454453),(631,4454453),(663,4454453),(670,4454453),(504,4454642),(541,4454642),(652,4454642),(670,4454642),(501,4454935),(667,4454935),(671,4454935),(678,4454935),(523,4454991),(649,4454991),(652,4454991),(675,4454991),(581,4455227),(650,4455227),(655,4455227),(674,4455227),(501,4455760),(571,4455760),(647,4455760),(677,4455760),(505,4456057),(582,4456057),(650,4456057),(671,4456057),(582,4456095),(648,4456095),(664,4456095),(675,4456095),(513,4456165),(527,4456165),(635,4456165),(648,4456165),(501,4456169),(571,4456169),(631,4456169),(674,4456169),(523,4456329),(569,4456329),(631,4456329),(671,4456329),(560,4456543),(631,4456543),(650,4456543),(667,4456543),(645,4456801),(660,4456801),(671,4456801),(673,4456801),(358,4456876),(502,4456876),(543,4456876),(680,4456876),(358,4456885),(502,4456885),(582,4456885),(667,4456885),(502,4457889),(566,4457889),(656,4457889),(669,4457889),(513,4457926),(635,4457926),(669,4457926),(680,4457926),(508,4458513),(541,4458513),(563,4458513),(581,4458513),(503,4458703),(648,4458703),(652,4458703),(671,4458703),(502,4458782),(581,4458782),(642,4458782),(675,4458782),(501,4458879),(631,4458879),(663,4458879),(680,4458879),(513,4458964),(650,4458964),(655,4458964),(669,4458964),(573,4459488),(586,4459488),(658,4459488),(664,4459488),(543,4460083),(573,4460083),(650,4460083),(654,4460083),(502,4460332),(568,4460332),(581,4460332),(667,4460332),(505,4460803),(573,4460803),(649,4460803),(671,4460803),(541,4461511),(569,4461511),(638,4461511),(670,4461511),(504,4461611),(652,4461611),(664,4461611),(680,4461611),(571,4461803),(649,4461803),(663,4461803),(680,4461803),(581,4462177),(650,4462177),(664,4462177),(667,4462177),(509,4462281),(586,4462281),(652,4462281),(667,4462281),(541,4462483),(569,4462483),(638,4462483),(669,4462483),(650,4462576),(651,4462576),(663,4462576),(671,4462576),(509,4462989),(523,4462989),(671,4462989),(673,4462989),(504,4463989),(642,4463989),(647,4463989),(680,4463989),(501,4485985),(523,4485985),(566,4485985),(674,4485985),(631,4487614),(655,4487614),(664,4487614),(673,4487614),(514,4493282),(541,4493282),(655,4493282),(670,4493282),(501,4493357),(541,4493357),(656,4493357),(664,4493357),(504,4496237),(523,4496237),(568,4496237),(667,4496237),(509,4503532),(647,4503532),(663,4503532),(671,4503532),(566,4504813),(654,4504813),(655,4504813),(678,4504813),(501,4507113),(566,4507113),(582,4507113),(680,4507113),(508,4517029),(543,4517029),(663,4517029),(671,4517029),(652,4523431),(660,4523431),(663,4523431),(686,4523431),(638,4524245),(645,4524245),(650,4524245),(683,4524245),(513,4525197),(521,4525197),(596,4525197),(667,4525197),(524,4525462),(645,4525462),(663,4525462),(683,4525462),(358,4526599),(504,4526599),(521,4526599),(543,4526599),(504,4527145),(566,4527145),(656,4527145),(683,4527145),(514,4541568),(541,4541568),(582,4541568),(645,4541568),(505,4558520),(515,4558520),(541,4558520),(670,4558520),(541,4565455),(655,4565455),(664,4565455),(684,4565455),(501,4565982),(543,4565982),(638,4565982),(686,4565982),(501,4566023),(652,4566023),(656,4566023),(664,4566023),(566,4566067),(650,4566067),(664,4566067),(681,4566067),(524,4566302),(541,4566302),(679,4566302),(686,4566302),(505,4566497),(515,4566497),(652,4566497),(664,4566497),(504,4566576),(569,4566576),(664,4566576),(681,4566576),(509,4566747),(529,4566747),(563,4566747),(675,4566747),(501,4567897),(569,4567897),(652,4567897),(685,4567897),(681,4568633),(682,4568633),(684,4568633),(685,4568633),(569,4568858),(638,4568858),(664,4568858),(686,4568858),(501,4568900),(654,4568900),(664,4568900),(684,4568900),(521,4569397),(651,4569397),(664,4569397),(681,4569397),(566,4569477),(575,4569477),(664,4569477),(682,4569477),(529,4569744),(643,4569744),(651,4569744),(684,4569744),(501,4570213),(571,4570213),(678,4570213),(682,4570213),(515,4570568),(543,4570568),(568,4570568),(655,4570568),(568,4570737),(575,4570737),(652,4570737),(685,4570737),(571,4571992),(581,4571992),(649,4571992),(677,4571992),(652,4572380),(664,4572380),(682,4572380),(684,4572380),(541,4572966),(575,4572966),(679,4572966),(686,4572966),(544,4573061),(652,4573061),(685,4573061),(686,4573061),(505,4573248),(581,4573248),(655,4573248),(685,4573248),(652,4573988),(664,4573988),(667,4573988),(681,4573988),(501,4574015),(505,4574015),(571,4574015),(649,4574015),(510,4574419),(575,4574419),(681,4574419),(682,4574419),(566,4574589),(575,4574589),(664,4574589),(682,4574589),(521,4574605),(650,4574605),(679,4574605),(685,4574605),(502,4574850),(652,4574850),(679,4574850),(685,4574850),(643,4574851),(655,4574851),(664,4574851),(684,4574851),(529,4574944),(575,4574944),(638,4574944),(684,4574944),(509,4575305),(544,4575305),(650,4575305),(664,4575305),(529,4575514),(560,4575514),(573,4575514),(670,4575514),(504,4575902),(541,4575902),(656,4575902),(679,4575902),(541,4576048),(573,4576048),(650,4576048),(672,4576048),(541,4576480),(566,4576480),(664,4576480),(682,4576480),(664,4576668),(684,4576668),(685,4576668),(686,4576668),(529,4576824),(638,4576824),(652,4576824),(682,4576824),(649,4576841),(671,4576841),(673,4576841),(678,4576841),(523,4577262),(654,4577262),(664,4577262),(685,4577262),(503,4577535),(654,4577535),(670,4577535),(685,4577535),(541,4577752),(569,4577752),(647,4577752),(675,4577752),(502,4578563),(652,4578563),(678,4578563),(684,4578563),(527,4578665),(643,4578665),(655,4578665),(681,4578665),(571,4578844),(655,4578844),(678,4578844),(684,4578844),(509,4579521),(514,4579521),(664,4579521),(684,4579521),(358,4579590),(519,4579590),(575,4579590),(640,4579590),(567,4579748),(575,4579748),(656,4579748),(681,4579748),(650,4580159),(655,4580159),(679,4580159),(685,4580159),(502,4602182),(523,4602182),(566,4602182),(682,4602182),(541,4603605),(667,4603605),(671,4603605),(682,4603605),(509,4607483),(575,4607483),(640,4607483),(663,4607483),(544,4608318),(569,4608318),(656,4608318),(684,4608318),(505,4610355),(515,4610355),(566,4610355),(575,4610355),(358,4617847),(635,4617847),(640,4617847),(642,4617847),(503,4619278),(586,4619278),(650,4619278),(652,4619278),(529,4619878),(652,4619878),(655,4619878),(686,4619878),(503,4620788),(566,4620788),(670,4620788),(682,4620788),(507,4621981),(640,4621981),(679,4621981),(686,4621981),(358,4624072),(505,4624072),(515,4624072),(541,4624072),(509,4624689),(640,4624689),(643,4624689),(652,4624689),(358,4624768),(645,4624768),(655,4624768),(684,4624768),(501,4624867),(655,4624867),(664,4624867),(686,4624867),(505,4624998),(508,4624998),(569,4624998),(686,4624998),(509,4635641),(655,4635641),(672,4635641),(679,4635641),(524,4635642),(582,4635642),(643,4635642),(674,4635642),(521,4639156),(523,4639156),(569,4639156),(582,4639156),(505,4642865),(571,4642865),(635,4642865),(679,4642865),(513,4659621),(631,4659621),(643,4659621),(667,4659621),(505,4671877),(575,4671877),(582,4671877),(678,4671877),(503,4675924),(523,4675924),(541,4675924),(679,4675924),(526,4676870),(642,4676870),(649,4676870),(678,4676870),(505,4677441),(508,4677441),(523,4677441),(631,4677441),(541,4684541),(586,4684541),(649,4684541),(678,4684541),(524,4685575),(582,4685575),(651,4685575),(678,4685575),(543,4685668),(642,4685668),(671,4685668),(683,4685668),(529,4685863),(645,4685863),(679,4685863),(684,4685863),(670,4686213),(671,4686213),(679,4686213),(686,4686213),(509,4686304),(571,4686304),(637,4686304),(648,4686304),(509,4686594),(544,4686594),(660,4686594),(679,4686594),(502,4687314),(566,4687314),(575,4687314),(655,4687314),(504,4687452),(527,4687452),(566,4687452),(631,4687452),(563,4687668),(631,4687668),(643,4687668),(663,4687668),(631,4688192),(635,4688192),(654,4688192),(683,4688192),(502,4689014),(582,4689014),(651,4689014),(667,4689014),(575,4689288),(582,4689288),(673,4689288),(679,4689288),(541,4689756),(643,4689756),(649,4689756),(679,4689756),(358,4690139),(505,4690139),(655,4690139),(667,4690139),(544,4690410),(643,4690410),(671,4690410),(679,4690410),(508,4690729),(586,4690729),(631,4690729),(640,4690729),(529,4690961),(575,4690961),(631,4690961),(663,4690961),(502,4691448),(571,4691448),(582,4691448),(677,4691448),(507,4692399),(514,4692399),(649,4692399),(679,4692399),(566,4692459),(645,4692459),(650,4692459),(656,4692459),(504,4692468),(560,4692468),(649,4692468),(678,4692468),(581,4692633),(631,4692633),(637,4692633),(670,4692633),(504,4693359),(541,4693359),(575,4693359),(582,4693359),(505,4693664),(526,4693664),(568,4693664),(582,4693664),(502,4693730),(671,4693730),(678,4693730),(685,4693730),(502,4693870),(505,4693870),(645,4693870),(683,4693870),(503,4694085),(582,4694085),(655,4694085),(670,4694085),(501,4694086),(566,4694086),(631,4694086),(654,4694086),(509,4695679),(566,4695679),(631,4695679),(645,4695679),(509,4695820),(575,4695820),(582,4695820),(663,4695820),(502,4696059),(509,4696059),(649,4696059),(679,4696059),(563,4696346),(635,4696346),(649,4696346),(679,4696346),(575,4696514),(631,4696514),(643,4696514),(679,4696514),(505,4696842),(643,4696842),(649,4696842),(663,4696842),(509,4696878),(510,4696878),(521,4696878),(683,4696878),(563,4697352),(649,4697352),(658,4697352),(678,4697352),(515,4697386),(575,4697386),(631,4697386),(673,4697386),(527,4697644),(652,4697644),(663,4697644),(667,4697644),(501,4698006),(631,4698006),(656,4698006),(671,4698006),(503,4698238),(568,4698238),(656,4698238),(670,4698238),(504,4698391),(514,4698391),(515,4698391),(638,4698391),(515,4698893),(541,4698893),(563,4698893),(582,4698893),(575,4705774),(643,4705774),(651,4705774),(663,4705774),(504,4723260),(529,4723260),(648,4723260),(678,4723260),(358,4727489),(504,4727489),(672,4727489),(673,4727489),(510,4737759),(573,4737759),(638,4737759),(678,4737759),(638,4741326),(643,4741326),(648,4741326),(678,4741326),(504,4741391),(524,4741391),(648,4741391),(651,4741391),(566,4742418),(643,4742418),(645,4742418),(655,4742418),(638,4742544),(648,4742544),(663,4742544),(671,4742544),(502,4743592),(523,4743592),(648,4743592),(651,4743592),(521,4744465),(568,4744465),(581,4744465),(670,4744465),(505,4745057),(514,4745057),(648,4745057),(663,4745057),(569,4745129),(640,4745129),(670,4745129),(672,4745129),(582,4745208),(652,4745208),(669,4745208),(670,4745208),(501,4745333),(575,4745333),(648,4745333),(656,4745333),(514,4745438),(575,4745438),(582,4745438),(635,4745438),(586,4753100),(672,4753100),(678,4753100),(685,4753100),(509,4758577),(521,4758577),(638,4758577),(650,4758577),(509,4759425),(575,4759425),(648,4759425),(680,4759425),(541,4761791),(582,4761791),(645,4761791),(679,4761791),(519,4762604),(541,4762604),(647,4762604),(660,4762604),(573,4762820),(648,4762820),(651,4762820),(678,4762820),(501,4763733),(514,4763733),(541,4763733),(680,4763733),(521,4764180),(569,4764180),(575,4764180),(648,4764180),(501,4778762),(566,4778762),(670,4778762),(672,4778762),(568,4794866),(656,4794866),(670,4794866),(671,4794866),(519,4795851),(541,4795851),(656,4795851),(670,4795851),(515,4796216),(521,4796216),(573,4796216),(685,4796216),(508,4798880),(560,4798880),(571,4798880),(655,4798880),(507,4804297),(509,4804297),(643,4804297),(683,4804297),(638,4804478),(643,4804478),(671,4804478),(678,4804478),(566,4804665),(650,4804665),(655,4804665),(679,4804665),(544,4804787),(575,4804787),(663,4804787),(683,4804787),(505,4805302),(566,4805302),(596,4805302),(650,4805302),(670,4805587),(671,4805587),(679,4805587),(686,4805587),(519,4805612),(575,4805612),(678,4805612),(682,4805612),(529,4805735),(575,4805735),(648,4805735),(654,4805735),(509,4805797),(563,4805797),(640,4805797),(663,4805797),(501,4805875),(521,4805875),(571,4805875),(678,4805875),(586,4805929),(670,4805929),(679,4805929),(682,4805929),(655,4806028),(678,4806028),(684,4806028),(686,4806028),(504,4806420),(647,4806420),(650,4806420),(669,4806420),(504,4806526),(521,4806526),(649,4806526),(678,4806526),(509,4806729),(521,4806729),(575,4806729),(581,4806729),(504,4806968),(508,4806968),(586,4806968),(658,4806968),(514,4807359),(640,4807359),(650,4807359),(671,4807359),(529,4807840),(638,4807840),(671,4807840),(679,4807840),(513,4808049),(560,4808049),(573,4808049),(678,4808049),(509,4808086),(650,4808086),(678,4808086),(683,4808086),(567,4808562),(640,4808562),(648,4808562),(679,4808562),(527,4808570),(596,4808570),(679,4808570),(681,4808570),(508,4808639),(571,4808639),(638,4808639),(679,4808639),(529,4808757),(569,4808757),(575,4808757),(683,4808757),(529,4809113),(566,4809113),(652,4809113),(679,4809113),(508,4809320),(566,4809320),(678,4809320),(683,4809320),(529,4809800),(543,4809800),(635,4809800),(682,4809800),(541,4809967),(652,4809967),(663,4809967),(670,4809967),(544,4810221),(569,4810221),(640,4810221),(670,4810221),(521,4810267),(571,4810267),(651,4810267),(679,4810267),(501,4810957),(571,4810957),(582,4810957),(649,4810957),(571,4811213),(586,4811213),(643,4811213),(679,4811213),(527,4811315),(544,4811315),(648,4811315),(678,4811315),(569,4811317),(640,4811317),(678,4811317),(684,4811317),(502,4811619),(638,4811619),(674,4811619),(686,4811619),(503,4811854),(529,4811854),(569,4811854),(654,4811854),(358,4811928),(503,4811928),(505,4811928),(541,4811928),(529,4812103),(571,4812103),(640,4812103),(651,4812103),(504,4812602),(575,4812602),(649,4812602),(658,4812602),(501,4812770),(571,4812770),(679,4812770),(680,4812770),(541,4812796),(643,4812796),(645,4812796),(655,4812796),(504,4813151),(524,4813151),(679,4813151),(686,4813151),(567,4813302),(637,4813302),(652,4813302),(678,4813302),(524,4813463),(650,4813463),(652,4813463),(679,4813463),(504,4813518),(521,4813518),(575,4813518),(684,4813518),(519,4813519),(543,4813519),(663,4813519),(670,4813519),(563,4813659),(652,4813659),(678,4813659),(683,4813659),(503,4814055),(645,4814055),(671,4814055),(674,4814055),(521,4814707),(563,4814707),(651,4814707),(682,4814707),(502,4814862),(563,4814862),(648,4814862),(678,4814862),(563,4814977),(645,4814977),(652,4814977),(656,4814977),(521,4815012),(529,4815012),(651,4815012),(679,4815012),(649,4815141),(655,4815141),(671,4815141),(679,4815141),(505,4815344),(541,4815344),(566,4815344),(683,4815344),(509,4815512),(566,4815512),(637,4815512),(663,4815512),(643,4815574),(652,4815574),(671,4815574),(679,4815574),(505,4815582),(581,4815582),(652,4815582),(671,4815582),(502,4815743),(505,4815743),(509,4815743),(684,4815743),(502,4815752),(648,4815752),(654,4815752),(655,4815752),(515,4815933),(635,4815933),(650,4815933),(667,4815933),(503,4816098),(575,4816098),(663,4816098),(685,4816098),(541,4816137),(652,4816137),(671,4816137),(679,4816137),(504,4816300),(505,4816300),(521,4816300),(541,4816300),(543,4816364),(645,4816364),(651,4816364),(658,4816364),(571,4816832),(649,4816832),(671,4816832),(679,4816832),(566,4817143),(640,4817143),(678,4817143),(683,4817143),(510,4817411),(513,4817411),(652,4817411),(678,4817411),(502,4817473),(514,4817473),(521,4817473),(683,4817473),(638,4817924),(651,4817924),(679,4817924),(683,4817924),(541,4833012),(635,4833012),(663,4833012),(682,4833012),(502,4840272),(569,4840272),(640,4840272),(649,4840272),(515,4841355),(523,4841355),(569,4841355),(649,4841355),(502,4842532),(649,4842532),(671,4842532),(679,4842532),(509,4845703),(560,4845703),(575,4845703),(679,4845703),(502,4846371),(571,4846371),(679,4846371),(684,4846371),(502,4859318),(504,4859318),(510,4859318),(596,4859318),(529,4859867),(544,4859867),(655,4859867),(683,4859867),(501,4860656),(652,4860656),(679,4860656),(680,4860656),(509,4860720),(581,4860720),(643,4860720),(680,4860720),(527,4861812),(652,4861812),(655,4861812),(678,4861812),(529,4862785),(575,4862785),(679,4862785),(682,4862785),(505,4864079),(509,4864079),(663,4864079),(674,4864079),(501,4864151),(566,4864151),(680,4864151),(683,4864151),(502,4864351),(566,4864351),(655,4864351),(672,4864351),(504,4864732),(566,4864732),(575,4864732),(663,4864732),(504,4875927),(515,4875927),(544,4875927),(569,4875927),(501,4877395),(566,4877395),(575,4877395),(680,4877395),(514,4878238),(523,4878238),(526,4878238),(650,4878238),(502,4880520),(638,4880520),(645,4880520),(683,4880520),(521,4881286),(527,4881286),(647,4881286),(679,4881286),(509,4881477),(675,4881477),(680,4881477),(682,4881477),(358,4882357),(503,4882357),(543,4882357),(640,4882357),(509,4882740),(643,4882740),(651,4882740),(655,4882740),(541,4887021),(575,4887021),(679,4887021),(681,4887021),(521,4897420),(650,4897420),(673,4897420),(685,4897420),(519,4913268),(663,4913268),(675,4913268),(680,4913268),(526,4916893),(638,4916893),(650,4916893),(673,4916893),(502,4921206),(569,4921206),(581,4921206),(664,4921206),(504,4923618),(529,4923618),(541,4923618),(680,4923618),(107,4923792),(508,4923792),(586,4923792),(675,4923792),(107,4923952),(515,4923952),(541,4923952),(643,4923952),(514,4924540),(652,4924540),(670,4924540),(682,4924540),(651,4924730),(672,4924730),(682,4924730),(683,4924730),(105,4924781),(524,4924781),(543,4924781),(663,4924781),(104,4924874),(586,4924874),(647,4924874),(679,4924874),(573,4924945),(645,4924945),(656,4924945),(675,4924945),(566,4925019),(631,4925019),(651,4925019),(655,4925019),(510,4925079),(575,4925079),(645,4925079),(680,4925079),(104,4925548),(502,4925548),(660,4925548),(672,4925548),(107,4925655),(358,4925655),(656,4925655),(681,4925655),(104,4925858),(541,4925858),(663,4925858),(684,4925858),(105,4926968),(523,4926968),(524,4926968),(544,4926968),(501,4927162),(654,4927162),(655,4927162),(684,4927162),(504,4927205),(544,4927205),(563,4927205),(654,4927205),(105,4927669),(581,4927669),(652,4927669),(656,4927669),(509,4927674),(563,4927674),(681,4927674),(685,4927674),(515,4927739),(569,4927739),(631,4927739),(670,4927739),(526,4928002),(652,4928002),(663,4928002),(686,4928002),(502,4928209),(509,4928209),(638,4928209),(686,4928209),(650,4928889),(652,4928889),(655,4928889),(678,4928889),(104,4929050),(596,4929050),(655,4929050),(664,4929050),(509,4929295),(521,4929295),(650,4929295),(678,4929295),(105,4929343),(529,4929343),(541,4929343),(655,4929343),(524,4929551),(567,4929551),(647,4929551),(678,4929551),(504,4929986),(515,4929986),(637,4929986),(658,4929986),(104,4930007),(541,4930007),(566,4930007),(650,4930007),(104,4930160),(541,4930160),(656,4930160),(685,4930160),(521,4930265),(527,4930265),(569,4930265),(685,4930265),(513,4930361),(541,4930361),(681,4930361),(684,4930361),(513,4930677),(514,4930677),(586,4930677),(679,4930677),(523,4930902),(586,4930902),(663,4930902),(682,4930902),(107,4930959),(513,4930959),(655,4930959),(669,4930959),(541,4930966),(568,4930966),(679,4930966),(686,4930966),(575,4931126),(581,4931126),(655,4931126),(679,4931126),(107,4931610),(543,4931610),(569,4931610),(686,4931610),(104,4931624),(571,4931624),(650,4931624),(651,4931624),(104,4931814),(569,4931814),(581,4931814),(640,4931814),(104,4932065),(581,4932065),(656,4932065),(663,4932065),(107,4932246),(504,4932246),(631,4932246),(652,4932246),(105,4932266),(509,4932266),(651,4932266),(660,4932266),(107,4932432),(566,4932432),(643,4932432),(664,4932432),(107,4932433),(571,4932433),(656,4932433),(669,4932433),(505,4932486),(509,4932486),(510,4932486),(663,4932486),(509,4932547),(569,4932547),(656,4932547),(681,4932547),(563,4932879),(586,4932879),(652,4932879),(679,4932879),(105,4933165),(502,4933165),(509,4933165),(680,4933165),(107,4933459),(569,4933459),(631,4933459),(670,4933459),(544,4933509),(586,4933509),(674,4933509),(683,4933509),(510,4933671),(519,4933671),(647,4933671),(670,4933671),(508,4933832),(541,4933832),(596,4933832),(681,4933832),(107,4933961),(638,4933961),(652,4933961),(678,4933961),(521,4934169),(527,4934169),(571,4934169),(678,4934169),(104,4934338),(503,4934338),(581,4934338),(674,4934338),(104,4934555),(566,4934555),(655,4934555),(678,4934555),(104,4934563),(526,4934563),(631,4934563),(674,4934563),(104,4934844),(567,4934844),(650,4934844),(656,4934844),(105,4934877),(501,4934877),(575,4934877),(655,4934877),(358,4935058),(544,4935058),(643,4935058),(655,4935058),(566,4935116),(586,4935116),(650,4935116),(663,4935116),(107,4935398),(638,4935398),(643,4935398),(663,4935398),(502,4935852),(529,4935852),(569,4935852),(575,4935852),(358,4936057),(501,4936057),(660,4936057),(673,4936057),(104,4936130),(521,4936130),(529,4936130),(581,4936130),(104,4936628),(571,4936628),(575,4936628),(635,4936628),(523,4961310),(541,4961310),(643,4961310),(655,4961310),(505,4978711),(519,4978711),(567,4978711),(573,4978711),(670,4979493),(673,4979493),(679,4979493),(686,4979493),(569,4980330),(638,4980330),(647,4980330),(673,4980330),(515,4981287),(568,4981287),(573,4981287),(638,4981287),(523,4981406),(582,4981406),(679,4981406),(680,4981406),(523,4982379),(569,4982379),(651,4982379),(682,4982379),(505,4983108),(529,4983108),(541,4983108),(684,4983108),(640,4983627),(652,4983627),(677,4983627),(686,4983627),(358,4983960),(529,4983960),(581,4983960),(679,4983960),(543,4984208),(654,4984208),(656,4984208),(664,4984208),(502,4989038),(524,4989038),(575,4989038),(663,4989038),(502,4996987),(505,4996987),(543,4996987),(569,4996987),(541,4997796),(575,4997796),(637,4997796),(686,4997796),(527,4999432),(640,4999432),(652,4999432),(663,4999432),(643,5000031),(645,5000031),(675,5000031),(679,5000031),(515,5000753),(519,5000753),(541,5000753),(660,5000753),(504,5001750),(514,5001750),(582,5001750),(650,5001750),(501,5002130),(586,5002130),(631,5002130),(679,5002130),(505,5005834),(524,5005834),(645,5005834),(685,5005834),(510,5012592),(514,5012592),(526,5012592),(582,5012592),(543,5016963),(573,5016963),(669,5016963),(684,5016963),(502,5020826),(510,5020826),(655,5020826),(678,5020826),(502,5029603),(509,5029603),(638,5029603),(686,5029603),(515,5032853),(563,5032853),(569,5032853),(650,5032853),(501,5039737),(523,5039737),(678,5039737),(684,5039737),(541,5043576),(656,5043576),(664,5043576),(683,5043576),(586,5043789),(652,5043789),(655,5043789),(663,5043789),(529,5043983),(569,5043983),(663,5043983),(680,5043983),(643,5044110),(652,5044110),(664,5044110),(686,5044110),(563,5044144),(569,5044144),(649,5044144),(664,5044144),(502,5044278),(541,5044278),(649,5044278),(656,5044278),(529,5044628),(541,5044628),(649,5044628),(652,5044628),(515,5044711),(541,5044711),(566,5044711),(663,5044711),(529,5044908),(541,5044908),(635,5044908),(649,5044908),(508,5044932),(524,5044932),(670,5044932),(683,5044932),(510,5045117),(638,5045117),(651,5045117),(678,5045117),(581,5045190),(586,5045190),(663,5045190),(669,5045190),(509,5045247),(543,5045247),(635,5045247),(664,5045247),(502,5045349),(541,5045349),(645,5045349),(663,5045349),(544,5045729),(635,5045729),(643,5045729),(649,5045729),(650,5045834),(655,5045834),(663,5045834),(683,5045834),(504,5046032),(569,5046032),(586,5046032),(652,5046032),(529,5046131),(643,5046131),(663,5046131),(683,5046131),(501,5046264),(544,5046264),(640,5046264),(670,5046264),(669,5046654),(682,5046654),(683,5046654),(685,5046654),(652,5047115),(655,5047115),(678,5047115),(686,5047115),(566,5047324),(586,5047324),(663,5047324),(683,5047324),(524,5047362),(582,5047362),(645,5047362),(663,5047362),(569,5047822),(631,5047822),(643,5047822),(670,5047822),(544,5047830),(586,5047830),(678,5047830),(681,5047830),(575,5047900),(655,5047900),(663,5047900),(681,5047900),(502,5048134),(582,5048134),(656,5048134),(670,5048134),(504,5048340),(569,5048340),(663,5048340),(669,5048340),(541,5048841),(649,5048841),(651,5048841),(664,5048841),(563,5048991),(566,5048991),(656,5048991),(683,5048991),(529,5049143),(544,5049143),(654,5049143),(678,5049143),(501,5049364),(566,5049364),(586,5049364),(658,5049364),(510,5049407),(649,5049407),(656,5049407),(663,5049407),(514,5049619),(527,5049619),(586,5049619),(650,5049619),(502,5050077),(543,5050077),(567,5050077),(569,5050077),(543,5050208),(573,5050208),(631,5050208),(654,5050208),(638,5050316),(663,5050316),(675,5050316),(686,5050316),(526,5050350),(541,5050350),(569,5050350),(650,5050350),(543,5050411),(581,5050411),(651,5050411),(664,5050411),(524,5050413),(527,5050413),(663,5050413),(682,5050413),(504,5051010),(569,5051010),(635,5051010),(649,5051010),(504,5051175),(541,5051175),(581,5051175),(586,5051175),(514,5051637),(527,5051637),(678,5051637),(681,5051637),(569,5051802),(638,5051802),(654,5051802),(678,5051802),(505,5051826),(508,5051826),(519,5051826),(672,5051826),(504,5052075),(519,5052075),(569,5052075),(683,5052075),(504,5052141),(575,5052141),(678,5052141),(682,5052141),(523,5052277),(582,5052277),(643,5052277),(663,5052277),(501,5052287),(563,5052287),(631,5052287),(663,5052287),(541,5052480),(586,5052480),(649,5052480),(656,5052480),(504,5052481),(569,5052481),(664,5052481),(683,5052481),(515,5052542),(569,5052542),(670,5052542),(682,5052542),(575,5052612),(640,5052612),(663,5052612),(670,5052612),(651,5053497),(663,5053497),(674,5053497),(683,5053497),(529,5054135),(544,5054135),(640,5054135),(685,5054135),(541,5054285),(563,5054285),(678,5054285),(683,5054285),(523,5054340),(541,5054340),(640,5054340),(650,5054340),(501,5054491),(521,5054491),(529,5054491),(683,5054491),(596,5054660),(647,5054660),(650,5054660),(664,5054660),(526,5054781),(640,5054781),(643,5054781),(683,5054781),(586,5054809),(640,5054809),(649,5054809),(675,5054809),(586,5054847),(663,5054847),(670,5054847),(673,5054847),(510,5055047),(541,5055047),(631,5055047),(682,5055047),(635,5055341),(654,5055341),(664,5055341),(684,5055341),(504,5055466),(670,5055466),(678,5055466),(683,5055466),(504,5055734),(655,5055734),(663,5055734),(672,5055734),(563,5055767),(569,5055767),(640,5055767),(649,5055767),(581,5056015),(582,5056015),(640,5056015),(670,5056015),(509,5056444),(652,5056444),(663,5056444),(683,5056444),(509,5061276),(541,5061276),(645,5061276),(669,5061276),(503,5079143),(515,5079143),(541,5079143),(638,5079143),(504,5080083),(521,5080083),(586,5080083),(683,5080083),(501,5081119),(521,5081119),(544,5081119),(664,5081119),(571,5083789),(575,5083789),(669,5083789),(678,5083789),(510,5093227),(586,5093227),(649,5093227),(663,5093227),(504,5097534),(568,5097534),(642,5097534),(669,5097534),(519,5097785),(526,5097785),(586,5097785),(650,5097785),(643,5098316),(651,5098316),(664,5098316),(684,5098316),(524,5099147),(566,5099147),(575,5099147),(682,5099147),(504,5100076),(505,5100076),(519,5100076),(680,5100076),(529,5100178),(569,5100178),(640,5100178),(683,5100178),(523,5101075),(569,5101075),(649,5101075),(678,5101075),(504,5101777),(581,5101777),(656,5101777),(670,5101777),(514,5102227),(541,5102227),(575,5102227),(678,5102227),(529,5102452),(541,5102452),(569,5102452),(680,5102452),(509,5102767),(521,5102767),(563,5102767),(566,5102767),(503,5102895),(569,5102895),(649,5102895),(655,5102895),(501,5107014),(586,5107014),(647,5107014),(664,5107014),(510,5116283),(521,5116283),(643,5116283),(649,5116283),(501,5118377),(541,5118377),(566,5118377),(680,5118377),(521,5119024),(541,5119024),(635,5119024),(667,5119024),(571,5119182),(655,5119182),(669,5119182),(683,5119182),(501,5119923),(649,5119923),(655,5119923),(669,5119923),(501,5120250),(569,5120250),(575,5120250),(656,5120250),(521,5121304),(523,5121304),(586,5121304),(667,5121304),(105,5134476),(358,5134476),(642,5134476),(683,5134476),(503,5146654),(505,5146654),(664,5146654),(681,5146654),(505,5150528),(544,5150528),(571,5150528),(679,5150528),(105,5155393),(571,5155393),(679,5155393),(680,5155393),(502,5160376),(650,5160376),(660,5160376),(670,5160376),(502,5160551),(543,5160551),(652,5160551),(667,5160551),(519,5160671),(526,5160671),(655,5160671),(682,5160671),(543,5160703),(586,5160703),(640,5160703),(686,5160703),(107,5161169),(521,5161169),(581,5161169),(663,5161169),(523,5161256),(573,5161256),(649,5161256),(655,5161256),(107,5161434),(543,5161434),(652,5161434),(670,5161434),(107,5161481),(566,5161481),(573,5161481),(648,5161481),(524,5161688),(569,5161688),(575,5161688),(649,5161688),(541,5161746),(596,5161746),(637,5161746),(648,5161746),(505,5161834),(513,5161834),(524,5161834),(643,5161834),(501,5162096),(541,5162096),(670,5162096),(679,5162096),(107,5162201),(501,5162201),(508,5162201),(581,5162201),(505,5162299),(526,5162299),(652,5162299),(658,5162299),(107,5162494),(563,5162494),(582,5162494),(642,5162494),(509,5162588),(543,5162588),(586,5162588),(654,5162588),(503,5162726),(519,5162726),(541,5162726),(664,5162726),(509,5163061),(586,5163061),(640,5163061),(650,5163061),(107,5163534),(649,5163534),(675,5163534),(680,5163534),(107,5163725),(504,5163725),(652,5163725),(680,5163725),(107,5163768),(501,5163768),(670,5163768),(681,5163768),(107,5164199),(526,5164199),(649,5164199),(667,5164199),(509,5164204),(596,5164204),(652,5164204),(664,5164204),(503,5164261),(504,5164261),(652,5164261),(684,5164261),(541,5164681),(582,5164681),(654,5164681),(670,5164681),(504,5165213),(643,5165213),(656,5165213),(667,5165213),(503,5165299),(649,5165299),(664,5165299),(670,5165299),(107,5165448),(541,5165448),(638,5165448),(643,5165448),(502,5165668),(523,5165668),(664,5165668),(680,5165668),(107,5165711),(523,5165711),(648,5165711),(651,5165711),(107,5166319),(543,5166319),(566,5166319),(649,5166319),(527,5166459),(649,5166459),(655,5166459),(663,5166459),(503,5166555),(505,5166555),(524,5166555),(566,5166555),(107,5166587),(510,5166587),(566,5166587),(679,5166587),(527,5166643),(544,5166643),(648,5166643),(686,5166643),(566,5166930),(650,5166930),(663,5166930),(683,5166930),(573,5167121),(631,5167121),(673,5167121),(679,5167121),(358,5167169),(502,5167169),(521,5167169),(544,5167169),(569,5167315),(581,5167315),(652,5167315),(663,5167315),(563,5167748),(650,5167748),(678,5167748),(683,5167748),(107,5167761),(521,5167761),(648,5167761),(652,5167761),(502,5167906),(649,5167906),(655,5167906),(674,5167906),(107,5167935),(566,5167935),(635,5167935),(669,5167935),(514,5168162),(541,5168162),(651,5168162),(686,5168162),(524,5168215),(651,5168215),(679,5168215),(686,5168215),(107,5168311),(513,5168311),(515,5168311),(651,5168311),(508,5168323),(563,5168323),(566,5168323),(683,5168323),(523,5168333),(652,5168333),(670,5168333),(683,5168333),(515,5168478),(569,5168478),(663,5168478),(686,5168478),(502,5168479),(651,5168479),(655,5168479),(675,5168479),(631,5168529),(652,5168529),(669,5168529),(679,5168529),(502,5168583),(523,5168583),(649,5168583),(650,5168583),(503,5168847),(642,5168847),(663,5168847),(670,5168847),(107,5169085),(501,5169085),(510,5169085),(656,5169085),(524,5169329),(543,5169329),(655,5169329),(677,5169329),(505,5169369),(509,5169369),(515,5169369),(569,5169369),(524,5169616),(575,5169616),(586,5169616),(656,5169616),(575,5169760),(648,5169760),(674,5169760),(679,5169760),(575,5169942),(655,5169942),(663,5169942),(684,5169942),(107,5170090),(582,5170090),(670,5170090),(677,5170090),(515,5170418),(524,5170418),(527,5170418),(663,5170418),(571,5170515),(582,5170515),(654,5170515),(667,5170515),(515,5170540),(569,5170540),(670,5170540),(679,5170540),(648,5170737),(651,5170737),(664,5170737),(675,5170737),(107,5170974),(505,5170974),(573,5170974),(679,5170974),(505,5171099),(526,5171099),(663,5171099),(682,5171099),(526,5171362),(566,5171362),(651,5171362),(682,5171362),(571,5171402),(575,5171402),(654,5171402),(679,5171402),(501,5171529),(513,5171529),(658,5171529),(673,5171529),(515,5171645),(643,5171645),(684,5171645),(685,5171645),(107,5172005),(508,5172005),(667,5172005),(686,5172005),(107,5172029),(527,5172029),(571,5172029),(680,5172029),(358,5176334),(502,5176334),(663,5176334),(667,5176334),(525,5194959),(575,5194959),(670,5194959),(679,5194959),(515,5195907),(575,5195907),(654,5195907),(680,5195907),(501,5198736),(566,5198736),(648,5198736),(656,5198736),(501,5199609),(514,5199609),(638,5199609),(669,5199609),(501,5205908),(571,5205908),(642,5205908),(686,5205908),(501,5211470),(515,5211470),(638,5211470),(680,5211470),(541,5212214),(631,5212214),(635,5212214),(663,5212214),(504,5212917),(505,5212917),(649,5212917),(663,5212917),(502,5213834),(656,5213834),(660,5213834),(669,5213834),(503,5213945),(509,5213945),(654,5213945),(682,5213945),(523,5214770),(643,5214770),(652,5214770),(682,5214770),(358,5215376),(503,5215376),(649,5215376),(655,5215376),(504,5215796),(505,5215796),(541,5215796),(679,5215796),(514,5215844),(521,5215844),(524,5215844),(631,5215844),(503,5215986),(649,5215986),(650,5215986),(656,5215986),(526,5216059),(569,5216059),(631,5216059),(656,5216059),(504,5216259),(514,5216259),(651,5216259),(664,5216259),(509,5219904),(521,5219904),(679,5219904),(685,5219904),(509,5228522),(514,5228522),(652,5228522),(679,5228522),(509,5229245),(635,5229245),(650,5229245),(682,5229245),(524,5230654),(655,5230654),(678,5230654),(686,5230654),(504,5231094),(569,5231094),(649,5231094),(678,5231094),(521,5231702),(647,5231702),(650,5231702),(660,5231702),(105,5231842),(509,5231842),(651,5231842),(685,5231842),(504,5232821),(521,5232821),(679,5232821),(683,5232821),(521,5233769),(523,5233769),(586,5233769),(667,5233769),(638,5235667),(663,5235667),(673,5235667),(686,5235667),(107,5246612),(503,5246612),(569,5246612),(649,5246612),(104,5258047),(527,5258047),(637,5258047),(683,5258047),(504,5261504),(521,5261504),(575,5261504),(631,5261504),(104,5263140),(509,5263140),(637,5263140),(656,5263140),(104,5265738),(575,5265738),(664,5265738),(685,5265738),(501,5271380),(514,5271380),(649,5271380),(679,5271380),(569,5271413),(650,5271413),(655,5271413),(686,5271413),(505,5271570),(509,5271570),(643,5271570),(679,5271570),(104,5271753),(504,5271753),(566,5271753),(664,5271753),(541,5271865),(631,5271865),(638,5271865),(663,5271865),(104,5271895),(525,5271895),(661,5271895),(663,5271895),(513,5272344),(563,5272344),(569,5272344),(638,5272344),(596,5272412),(650,5272412),(679,5272412),(686,5272412),(105,5272587),(575,5272587),(673,5272587),(684,5272587),(505,5272765),(515,5272765),(661,5272765),(679,5272765),(504,5272837),(656,5272837),(679,5272837),(683,5272837),(526,5272881),(563,5272881),(656,5272881),(686,5272881),(648,5272975),(656,5272975),(661,5272975),(664,5272975),(543,5273329),(582,5273329),(642,5273329),(647,5273329),(105,5273421),(529,5273421),(541,5273421),(679,5273421),(524,5273603),(566,5273603),(679,5273603),(682,5273603),(502,5273812),(508,5273812),(509,5273812),(661,5273812),(529,5274158),(543,5274158),(582,5274158),(680,5274158),(504,5274580),(541,5274580),(656,5274580),(663,5274580),(543,5274768),(569,5274768),(661,5274768),(679,5274768),(105,5274803),(661,5274803),(679,5274803),(685,5274803),(104,5275215),(582,5275215),(660,5275215),(664,5275215),(509,5275221),(527,5275221),(679,5275221),(681,5275221),(582,5275278),(586,5275278),(675,5275278),(679,5275278),(501,5275670),(586,5275670),(631,5275670),(679,5275670),(509,5276111),(569,5276111),(586,5276111),(683,5276111),(502,5276159),(515,5276159),(638,5276159),(680,5276159),(105,5276388),(501,5276388),(569,5276388),(661,5276388),(504,5276588),(508,5276588),(656,5276588),(661,5276588),(104,5276629),(505,5276629),(664,5276629),(675,5276629),(105,5277221),(501,5277221),(582,5277221),(677,5277221),(104,5277341),(504,5277341),(566,5277341),(656,5277341),(661,5277440),(677,5277440),(679,5277440),(683,5277440),(501,5277466),(544,5277466),(581,5277466),(685,5277466),(104,5277773),(501,5277773),(523,5277773),(661,5277773),(541,5277964),(673,5277964),(679,5277964),(684,5277964),(107,5278018),(543,5278018),(643,5278018),(667,5278018),(503,5278154),(581,5278154),(661,5278154),(673,5278154),(105,5278555),(501,5278555),(505,5278555),(643,5278555),(521,5278696),(526,5278696),(643,5278696),(648,5278696),(105,5278718),(504,5278718),(649,5278718),(677,5278718),(501,5278942),(655,5278942),(664,5278942),(669,5278942),(524,5278999),(569,5278999),(679,5278999),(686,5278999),(107,5279101),(560,5279101),(566,5279101),(664,5279101),(529,5279113),(543,5279113),(575,5279113),(679,5279113),(521,5279123),(541,5279123),(649,5279123),(679,5279123),(104,5279271),(502,5279271),(661,5279271),(680,5279271),(105,5279272),(631,5279272),(643,5279272),(667,5279272),(525,5279375),(541,5279375),(679,5279375),(686,5279375),(526,5279647),(560,5279647),(573,5279647),(673,5279647),(105,5280097),(667,5280097),(679,5280097),(686,5280097),(541,5280137),(648,5280137),(661,5280137),(664,5280137),(107,5280457),(501,5280457),(638,5280457),(663,5280457),(503,5280614),(509,5280614),(661,5280614),(686,5280614),(543,5280740),(661,5280740),(673,5280740),(679,5280740),(502,5280790),(586,5280790),(664,5280790),(667,5280790),(526,5281047),(529,5281047),(596,5281047),(679,5281047),(105,5281137),(650,5281137),(656,5281137),(679,5281137),(543,5281308),(638,5281308),(649,5281308),(669,5281308),(543,5281355),(650,5281355),(683,5281355),(686,5281355),(104,5281605),(544,5281605),(643,5281605),(663,5281605),(631,5281715),(661,5281715),(667,5281715),(679,5281715),(649,5281926),(661,5281926),(667,5281926),(679,5281926),(524,5282049),(543,5282049),(560,5282049),(656,5282049),(501,5282143),(502,5282143),(514,5282143),(637,5282143),(105,5282457),(655,5282457),(664,5282457),(672,5282457),(104,5282478),(526,5282478),(581,5282478),(663,5282478),(525,5286434),(573,5286434),(586,5286434),(675,5286434),(502,5305115),(575,5305115),(673,5305115),(681,5305115),(504,5305987),(529,5305987),(649,5305987),(679,5305987),(529,5308550),(656,5308550),(663,5308550),(685,5308550),(504,5308573),(510,5308573),(638,5308573),(681,5308573),(521,5309388),(655,5309388),(656,5309388),(658,5309388),(502,5320295),(503,5320295),(655,5320295),(660,5320295),(502,5320522),(509,5320522),(661,5320522),(667,5320522),(514,5321001),(563,5321001),(679,5321001),(686,5321001),(541,5321703),(582,5321703),(586,5321703),(655,5321703),(503,5322565),(521,5322565),(643,5322565),(655,5322565),(523,5322653),(631,5322653),(679,5322653),(680,5322653),(509,5323422),(563,5323422),(569,5323422),(648,5323422),(529,5323999),(541,5323999),(631,5323999),(680,5323999),(563,5324368),(582,5324368),(640,5324368),(643,5324368),(501,5324415),(502,5324415),(667,5324415),(685,5324415),(502,5324559),(523,5324559),(566,5324559),(655,5324559),(509,5324825),(566,5324825),(661,5324825),(663,5324825),(524,5328172),(563,5328172),(581,5328172),(663,5328172),(509,5333731),(527,5333731),(541,5333731),(667,5333731),(503,5335917),(543,5335917),(575,5335917),(663,5335917),(514,5336597),(541,5336597),(569,5336597),(582,5336597),(515,5338870),(541,5338870),(635,5338870),(667,5338870),(661,5338994),(675,5338994),(680,5338994),(682,5338994),(521,5340714),(523,5340714),(586,5340714),(590,5340714),(501,5352067),(541,5352067),(582,5352067),(667,5352067),(526,5356565),(650,5356565),(661,5356565),(667,5356565),(503,5356605),(505,5356605),(582,5356605),(663,5356605),(524,5356774),(541,5356774),(656,5356774),(661,5356774),(503,5356945),(541,5356945),(655,5356945),(661,5356945),(501,5357056),(523,5357056),(544,5357056),(586,5357056),(566,5357085),(637,5357085),(655,5357085),(682,5357085),(524,5357541),(575,5357541),(678,5357541),(685,5357541),(503,5357621),(505,5357621),(527,5357621),(684,5357621),(541,5357789),(560,5357789),(649,5357789),(680,5357789),(569,5357816),(586,5357816),(649,5357816),(679,5357816),(529,5357840),(581,5357840),(643,5357840),(678,5357840),(508,5357977),(526,5357977),(575,5357977),(680,5357977),(529,5358045),(582,5358045),(661,5358045),(677,5358045),(503,5358093),(543,5358093),(586,5358093),(679,5358093),(501,5358181),(521,5358181),(596,5358181),(684,5358181),(544,5358432),(650,5358432),(660,5358432),(664,5358432),(504,5358534),(541,5358534),(660,5358534),(669,5358534),(504,5358637),(514,5358637),(649,5358637),(680,5358637),(523,5358830),(635,5358830),(675,5358830),(683,5358830),(510,5359049),(544,5359049),(586,5359049),(663,5359049),(524,5359371),(525,5359371),(596,5359371),(685,5359371),(502,5360001),(505,5360001),(649,5360001),(673,5360001),(649,5360038),(667,5360038),(673,5360038),(675,5360038),(541,5360469),(566,5360469),(586,5360469),(656,5360469),(509,5360473),(527,5360473),(544,5360473),(586,5360473),(502,5360527),(566,5360527),(656,5360527),(683,5360527),(509,5360632),(521,5360632),(566,5360632),(678,5360632),(521,5360931),(575,5360931),(581,5360931),(643,5360931),(503,5361429),(635,5361429),(655,5361429),(660,5361429),(502,5361653),(596,5361653),(655,5361653),(675,5361653),(501,5361861),(563,5361861),(566,5361861),(679,5361861),(508,5361906),(521,5361906),(575,5361906),(631,5361906),(358,5362491),(544,5362491),(569,5362491),(581,5362491),(505,5362622),(543,5362622),(674,5362622),(681,5362622),(515,5362709),(544,5362709),(563,5362709),(684,5362709),(502,5362741),(569,5362741),(648,5362741),(664,5362741),(573,5362798),(586,5362798),(631,5362798),(638,5362798),(541,5363181),(563,5363181),(649,5363181),(655,5363181),(521,5363373),(569,5363373),(661,5363373),(686,5363373),(505,5363417),(515,5363417),(566,5363417),(649,5363417),(563,5363553),(656,5363553),(679,5363553),(684,5363553),(526,5363958),(655,5363958),(677,5363958),(681,5363958),(509,5363970),(649,5363970),(658,5363970),(663,5363970),(566,5364106),(575,5364106),(637,5364106),(682,5364106),(503,5364129),(541,5364129),(582,5364129),(638,5364129),(503,5364340),(505,5364340),(566,5364340),(581,5364340),(502,5364387),(509,5364387),(638,5364387),(677,5364387),(529,5364483),(643,5364483),(649,5364483),(664,5364483),(504,5364491),(541,5364491),(649,5364491),(656,5364491),(515,5364495),(527,5364495),(569,5364495),(649,5364495),(503,5364505),(569,5364505),(575,5364505),(650,5364505),(505,5364627),(509,5364627),(679,5364627),(683,5364627),(514,5364628),(566,5364628),(575,5364628),(663,5364628),(529,5364965),(563,5364965),(586,5364965),(679,5364965),(526,5365421),(656,5365421),(661,5365421),(684,5365421),(503,5365457),(514,5365457),(575,5365457),(631,5365457),(526,5365813),(667,5365813),(679,5365813),(682,5365813),(543,5365979),(586,5365979),(679,5365979),(681,5365979),(514,5366115),(523,5366115),(635,5366115),(649,5366115),(569,5366493),(575,5366493),(663,5366493),(681,5366493),(541,5366686),(631,5366686),(663,5366686),(682,5366686),(527,5366931),(673,5366931),(678,5366931),(683,5366931),(569,5367045),(586,5367045),(678,5367045),(683,5367045),(509,5367282),(643,5367282),(656,5367282),(685,5367282),(358,5367425),(502,5367425),(667,5367425),(673,5367425),(504,5367544),(525,5367544),(635,5367544),(640,5367544),(514,5367909),(543,5367909),(586,5367909),(685,5367909),(529,5371853),(575,5371853),(643,5371853),(679,5371853),(527,5392695),(541,5392695),(586,5392695),(655,5392695),(501,5394095),(503,5394095),(566,5394095),(661,5394095),(502,5396270),(523,5396270),(678,5396270),(684,5396270),(513,5407971),(656,5407971),(664,5407971),(685,5407971),(566,5408638),(575,5408638),(650,5408638),(682,5408638),(513,5423568),(544,5423568),(582,5423568),(664,5423568),(643,5425479),(664,5425479),(682,5425479),(695,5425479),(569,5426135),(685,5426135),(688,5426135),(691,5426135),(501,5426983),(567,5426983),(667,5426983),(695,5426983),(501,5427085),(685,5427085),(687,5427085),(695,5427085),(526,5427802),(560,5427802),(567,5427802),(683,5427802),(502,5428313),(581,5428313),(656,5428313),(692,5428313),(650,5428674),(674,5428674),(683,5428674),(695,5428674),(501,5428837),(571,5428837),(575,5428837),(695,5428837),(504,5428904),(543,5428904),(663,5428904),(693,5428904),(513,5429074),(575,5429074),(664,5429074),(693,5429074),(502,5432200),(679,5432200),(683,5432200),(688,5432200),(526,5436624),(640,5436624),(643,5436624),(695,5436624),(679,5441014),(690,5441014),(692,5441014),(695,5441014),(501,5441678),(649,5441678),(687,5441678),(693,5441678),(647,5443928),(650,5443928),(693,5443928),(695,5443928),(571,5444064),(655,5444064),(690,5444064),(695,5444064),(509,5447384),(586,5447384),(650,5447384),(690,5447384),(524,5456923),(566,5456923),(650,5456923),(695,5456923),(566,5461428),(631,5461428),(663,5461428),(691,5461428),(509,5461465),(541,5461465),(566,5461465),(695,5461465),(501,5461627),(638,5461627),(678,5461627),(695,5461627),(569,5461808),(650,5461808),(679,5461808),(693,5461808),(679,5461929),(683,5461929),(691,5461929),(692,5461929),(105,5461957),(568,5461957),(575,5461957),(691,5461957),(566,5462090),(581,5462090),(664,5462090),(694,5462090),(650,5462429),(655,5462429),(681,5462429),(688,5462429),(566,5462513),(664,5462513),(683,5462513),(689,5462513),(105,5462696),(586,5462696),(675,5462696),(693,5462696),(501,5462716),(541,5462716),(582,5462716),(695,5462716),(543,5462870),(679,5462870),(690,5462870),(691,5462870),(509,5462884),(571,5462884),(663,5462884),(695,5462884),(510,5463005),(648,5463005),(688,5463005),(694,5463005),(509,5463098),(647,5463098),(663,5463098),(694,5463098),(643,5463462),(649,5463462),(650,5463462),(695,5463462),(571,5463754),(575,5463754),(663,5463754),(693,5463754),(503,5463977),(504,5463977),(543,5463977),(694,5463977),(509,5464333),(650,5464333),(683,5464333),(694,5464333),(509,5464764),(650,5464764),(683,5464764),(695,5464764),(105,5464954),(685,5464954),(687,5464954),(695,5464954),(509,5464986),(650,5464986),(678,5464986),(690,5464986),(640,5465400),(648,5465400),(675,5465400),(693,5465400),(541,5465474),(571,5465474),(678,5465474),(694,5465474),(105,5465565),(631,5465565),(679,5465565),(693,5465565),(527,5466341),(631,5466341),(663,5466341),(688,5466341),(568,5466391),(656,5466391),(667,5466391),(695,5466391),(505,5466613),(541,5466613),(566,5466613),(688,5466613),(571,5466862),(586,5466862),(663,5466862),(690,5466862),(544,5467054),(679,5467054),(689,5467054),(690,5467054),(501,5467466),(502,5467466),(640,5467466),(695,5467466),(566,5467485),(649,5467485),(677,5467485),(690,5467485),(663,5467605),(683,5467605),(691,5467605),(693,5467605),(687,5467699),(689,5467699),(690,5467699),(693,5467699),(541,5467726),(566,5467726),(650,5467726),(690,5467726),(513,5467785),(679,5467785),(681,5467785),(690,5467785),(541,5467786),(679,5467786),(681,5467786),(695,5467786),(638,5468049),(664,5468049),(674,5468049),(690,5468049),(515,5468245),(590,5468245),(663,5468245),(690,5468245),(105,5468301),(358,5468301),(650,5468301),(695,5468301),(527,5468445),(581,5468445),(687,5468445),(694,5468445),(596,5468861),(631,5468861),(650,5468861),(695,5468861),(501,5469000),(664,5469000),(680,5469000),(690,5469000),(358,5469019),(515,5469019),(647,5469019),(693,5469019),(649,5469244),(660,5469244),(663,5469244),(688,5469244),(566,5469303),(631,5469303),(664,5469303),(695,5469303),(502,5469414),(647,5469414),(649,5469414),(664,5469414),(509,5469427),(647,5469427),(678,5469427),(688,5469427),(678,5469436),(681,5469436),(688,5469436),(693,5469436),(358,5469574),(544,5469574),(631,5469574),(695,5469574),(501,5469575),(543,5469575),(681,5469575),(693,5469575),(544,5469681),(571,5469681),(638,5469681),(694,5469681),(503,5469952),(510,5469952),(658,5469952),(687,5469952),(521,5470412),(679,5470412),(682,5470412),(688,5470412),(544,5470637),(663,5470637),(683,5470637),(688,5470637),(575,5470730),(648,5470730),(663,5470730),(691,5470730),(688,5470880),(689,5470880),(690,5470880),(693,5470880),(501,5470997),(631,5470997),(663,5470997),(695,5470997),(567,5471043),(571,5471043),(675,5471043),(695,5471043),(105,5471049),(509,5471049),(648,5471049),(693,5471049),(505,5471387),(541,5471387),(678,5471387),(692,5471387),(504,5471411),(683,5471411),(687,5471411),(695,5471411),(510,5471608),(648,5471608),(681,5471608),(684,5471608),(105,5471863),(573,5471863),(679,5471863),(694,5471863),(504,5471967),(663,5471967),(669,5471967),(690,5471967),(677,5472186),(690,5472186),(691,5472186),(695,5472186),(501,5472311),(568,5472311),(694,5472311),(695,5472311),(541,5472363),(679,5472363),(685,5472363),(687,5472363),(505,5472745),(526,5472745),(685,5472745),(688,5472745),(509,5472764),(582,5472764),(650,5472764),(694,5472764),(503,5476664),(510,5476664),(687,5476664),(694,5476664),(541,5497147),(635,5497147),(667,5497147),(694,5497147),(687,5498785),(692,5498785),(693,5498785),(694,5498785),(566,5500983),(679,5500983),(692,5500983),(695,5500983),(107,5514014),(569,5514014),(575,5514014),(673,5514014),(509,5516999),(650,5516999),(679,5516999),(691,5516999),(650,5517401),(679,5517401),(690,5517401),(692,5517401),(543,5528130),(649,5528130),(664,5528130),(684,5528130),(505,5532811),(567,5532811),(573,5532811),(693,5532811),(501,5533043),(510,5533043),(652,5533043),(687,5533043),(640,5533559),(652,5533559),(663,5533559),(687,5533559),(568,5535180),(573,5535180),(638,5535180),(693,5535180),(571,5535277),(654,5535277),(682,5535277),(688,5535277),(509,5536039),(563,5536039),(643,5536039),(681,5536039),(505,5536583),(568,5536583),(582,5536583),(693,5536583),(651,5536935),(663,5536935),(681,5536935),(688,5536935),(358,5537105),(631,5537105),(680,5537105),(688,5537105),(504,5537352),(654,5537352),(663,5537352),(689,5537352),(521,5540507),(652,5540507),(686,5540507),(687,5540507),(650,5549544),(652,5549544),(656,5549544),(691,5549544),(107,5550254),(541,5550254),(682,5550254),(688,5550254),(529,5552087),(648,5552087),(649,5552087),(664,5552087),(107,5552781),(651,5552781),(685,5552781),(687,5552781),(107,5553402),(358,5553402),(504,5553402),(655,5553402),(566,5553651),(590,5553651),(686,5553651),(688,5553651),(566,5579424),(575,5579424),(650,5579424),(683,5579424),(638,5582713),(661,5582713),(683,5582713),(691,5582713),(590,5584204),(642,5584204),(649,5584204),(675,5584204),(521,5586456),(650,5586456),(664,5586456),(689,5586456),(502,5593752),(655,5593752),(686,5593752),(694,5593752),(586,5593794),(649,5593794),(652,5593794),(692,5593794),(529,5593975),(563,5593975),(650,5593975),(694,5593975),(107,5594140),(544,5594140),(590,5594140),(687,5594140),(504,5594253),(510,5594253),(582,5594253),(694,5594253),(541,5594286),(649,5594286),(664,5594286),(694,5594286),(104,5594760),(543,5594760),(679,5594760),(694,5594760),(543,5594846),(575,5594846),(654,5594846),(694,5594846),(104,5595024),(663,5595024),(684,5595024),(691,5595024),(523,5595047),(643,5595047),(686,5595047),(691,5595047),(104,5595071),(582,5595071),(590,5595071),(692,5595071),(524,5595208),(563,5595208),(689,5595208),(694,5595208),(526,5595333),(645,5595333),(678,5595333),(687,5595333),(502,5595659),(515,5595659),(663,5595659),(691,5595659),(104,5595767),(502,5595767),(544,5595767),(672,5595767),(104,5596061),(581,5596061),(661,5596061),(694,5596061),(508,5596271),(541,5596271),(679,5596271),(689,5596271),(504,5596293),(514,5596293),(568,5596293),(695,5596293),(541,5596591),(590,5596591),(684,5596591),(692,5596591),(504,5596746),(661,5596746),(664,5596746),(688,5596746),(544,5597043),(679,5597043),(688,5597043),(694,5597043),(515,5597227),(581,5597227),(663,5597227),(688,5597227),(504,5597263),(642,5597263),(654,5597263),(691,5597263),(521,5597674),(647,5597674),(654,5597674),(692,5597674),(575,5597738),(631,5597738),(655,5597738),(692,5597738),(504,5598638),(505,5598638),(567,5598638),(573,5598638),(541,5598717),(568,5598717),(661,5598717),(694,5598717),(105,5598847),(569,5598847),(687,5598847),(694,5598847),(509,5599051),(568,5599051),(645,5599051),(694,5599051),(541,5599097),(649,5599097),(655,5599097),(694,5599097),(568,5599279),(661,5599279),(667,5599279),(691,5599279),(571,5599642),(687,5599642),(689,5599642),(694,5599642),(104,5599663),(509,5599663),(582,5599663),(652,5599663),(104,5599792),(655,5599792),(679,5599792),(687,5599792),(543,5599877),(590,5599877),(680,5599877),(681,5599877),(107,5599908),(510,5599908),(544,5599908),(679,5599908),(543,5599958),(581,5599958),(647,5599958),(684,5599958),(650,5599962),(652,5599962),(674,5599962),(692,5599962),(656,5600403),(664,5600403),(680,5600403),(692,5600403),(104,5600449),(503,5600449),(541,5600449),(655,5600449),(504,5600579),(581,5600579),(678,5600579),(692,5600579),(105,5600962),(501,5600962),(582,5600962),(694,5600962),(104,5600976),(527,5600976),(571,5600976),(694,5600976),(571,5601107),(582,5601107),(661,5601107),(694,5601107),(104,5601127),(502,5601127),(569,5601127),(680,5601127),(104,5601333),(527,5601333),(568,5601333),(689,5601333),(104,5601382),(649,5601382),(661,5601382),(694,5601382),(502,5601466),(569,5601466),(645,5601466),(682,5601466),(104,5601477),(631,5601477),(652,5601477),(692,5601477),(105,5601485),(509,5601485),(643,5601485),(694,5601485),(504,5601596),(654,5601596),(678,5601596),(694,5601596),(107,5601597),(655,5601597),(664,5601597),(691,5601597),(652,5601682),(678,5601682),(683,5601682),(688,5601682),(645,5602355),(650,5602355),(683,5602355),(694,5602355),(563,5602586),(582,5602586),(650,5602586),(689,5602586),(107,5602675),(541,5602675),(652,5602675),(694,5602675),(566,5602818),(663,5602818),(680,5602818),(691,5602818),(107,5602938),(505,5602938),(684,5602938),(691,5602938),(104,5602994),(678,5602994),(681,5602994),(688,5602994),(105,5603308),(504,5603308),(541,5603308),(694,5603308),(107,5603331),(664,5603331),(681,5603331),(688,5603331),(650,5603491),(664,5603491),(675,5603491),(686,5603491),(104,5603700),(643,5603700),(664,5603700),(688,5603700),(649,5603809),(656,5603809),(679,5603809),(691,5603809),(501,5604022),(664,5604022),(683,5604022),(694,5604022),(543,5604152),(656,5604152),(673,5604152),(692,5604152),(652,5604591),(663,5604591),(683,5604591),(692,5604591),(514,5608056),(541,5608056),(664,5608056),(691,5608056),(510,5619019),(543,5619019),(581,5619019),(664,5619019),(526,5627424),(647,5627424),(649,5627424),(664,5627424),(521,5630645),(544,5630645),(571,5630645),(652,5630645),(501,5646863),(507,5646863),(656,5646863),(658,5646863),(543,5647593),(651,5647593),(678,5647593),(690,5647593),(107,5648267),(502,5648267),(661,5648267),(690,5648267),(503,5649125),(504,5649125),(507,5649125),(658,5649125),(105,5649227),(566,5649227),(651,5649227),(690,5649227),(107,5649966),(575,5649966),(643,5649966),(673,5649966),(104,5650483),(501,5650483),(649,5650483),(655,5650483),(652,5650834),(667,5650834),(679,5650834),(690,5650834),(503,5651003),(569,5651003),(655,5651003),(690,5651003),(509,5651235),(566,5651235),(661,5651235),(688,5651235),(501,5654136),(529,5654136),(651,5654136),(690,5654136),(104,5664503),(638,5664503),(679,5664503),(688,5664503),(105,5665192),(569,5665192),(575,5665192),(684,5665192),(509,5666955),(563,5666955),(566,5666955),(681,5666955),(527,5667611),(661,5667611),(680,5667611),(682,5667611),(501,5668188),(543,5668188),(649,5668188),(667,5668188),(508,5668447),(509,5668447),(655,5668447),(678,5668447),(543,5670801),(648,5670801),(656,5670801),(664,5670801),(529,5697141),(569,5697141),(649,5697141),(664,5697141),(503,5700047),(529,5700047),(573,5700047),(656,5700047),(502,5701655),(505,5701655),(541,5701655),(571,5701655),(502,5703751),(523,5703751),(679,5703751),(685,5703751),(541,5712967),(664,5712967),(690,5712967),(692,5712967),(643,5713000),(679,5713000),(683,5713000),(689,5713000),(652,5713165),(655,5713165),(664,5713165),(692,5713165),(543,5713345),(566,5713345),(640,5713345),(689,5713345),(652,5713462),(664,5713462),(680,5713462),(689,5713462),(563,5713494),(656,5713494),(681,5713494),(692,5713494),(652,5713943),(686,5713943),(689,5713943),(695,5713943),(515,5714021),(679,5714021),(682,5714021),(692,5714021),(667,5714203),(679,5714203),(682,5714203),(689,5714203),(543,5714224),(575,5714224),(679,5714224),(692,5714224),(510,5714392),(638,5714392),(652,5714392),(664,5714392),(509,5714512),(543,5714512),(686,5714512),(689,5714512),(513,5714953),(541,5714953),(660,5714953),(669,5714953),(569,5715222),(652,5715222),(679,5715222),(689,5715222),(509,5715421),(544,5715421),(563,5715421),(640,5715421),(510,5715563),(581,5715563),(648,5715563),(649,5715563),(503,5715758),(568,5715758),(586,5715758),(631,5715758),(526,5715889),(566,5715889),(649,5715889),(692,5715889),(543,5716166),(661,5716166),(686,5716166),(689,5716166),(586,5716350),(655,5716350),(684,5716350),(692,5716350),(543,5716385),(590,5716385),(679,5716385),(683,5716385),(569,5716770),(631,5716770),(679,5716770),(689,5716770),(569,5716839),(679,5716839),(686,5716839),(689,5716839),(655,5717220),(664,5717220),(675,5717220),(692,5717220),(527,5717646),(543,5717646),(571,5717646),(689,5717646),(503,5717699),(521,5717699),(643,5717699),(655,5717699),(505,5717778),(679,5717778),(681,5717778),(689,5717778),(501,5717900),(521,5717900),(566,5717900),(689,5717900),(515,5718104),(640,5718104),(664,5718104),(692,5718104),(543,5718145),(679,5718145),(683,5718145),(689,5718145),(541,5718328),(631,5718328),(664,5718328),(692,5718328),(526,5718695),(569,5718695),(683,5718695),(692,5718695),(510,5718713),(527,5718713),(544,5718713),(568,5718713),(541,5718833),(590,5718833),(649,5718833),(689,5718833),(514,5718919),(526,5718919),(581,5718919),(691,5718919),(569,5718947),(581,5718947),(652,5718947),(681,5718947),(569,5719002),(640,5719002),(664,5719002),(689,5719002),(514,5719433),(654,5719433),(667,5719433),(679,5719433),(504,5719487),(569,5719487),(649,5719487),(669,5719487),(569,5719615),(575,5719615),(581,5719615),(689,5719615),(504,5719978),(648,5719978),(679,5719978),(689,5719978),(541,5720102),(569,5720102),(656,5720102),(689,5720102),(501,5720120),(505,5720120),(581,5720120),(695,5720120),(504,5720335),(569,5720335),(656,5720335),(683,5720335),(501,5720389),(523,5720389),(683,5720389),(689,5720389),(502,5720480),(575,5720480),(645,5720480),(683,5720480),(541,5720490),(643,5720490),(648,5720490),(679,5720490),(631,5720497),(664,5720497),(689,5720497),(695,5720497),(521,5720611),(543,5720611),(682,5720611),(692,5720611),(504,5720612),(569,5720612),(642,5720612),(689,5720612),(563,5720698),(569,5720698),(658,5720698),(689,5720698),(509,5720936),(664,5720936),(673,5720936),(674,5720936),(505,5721363),(543,5721363),(651,5721363),(692,5721363),(566,5721573),(590,5721573),(661,5721573),(679,5721573),(526,5721664),(667,5721664),(682,5721664),(689,5721664),(544,5721802),(571,5721802),(649,5721802),(667,5721802),(541,5721908),(679,5721908),(683,5721908),(689,5721908),(650,5721953),(661,5721953),(679,5721953),(689,5721953),(569,5722067),(680,5722067),(686,5722067),(689,5722067),(566,5722263),(575,5722263),(656,5722263),(692,5722263),(505,5722285),(544,5722285),(685,5722285),(692,5722285),(543,5722455),(631,5722455),(682,5722455),(683,5722455),(673,5722678),(679,5722678),(681,5722678),(689,5722678),(541,5722949),(569,5722949),(640,5722949),(689,5722949),(501,5722974),(505,5722974),(683,5722974),(689,5722974),(501,5723055),(524,5723055),(590,5723055),(680,5723055),(524,5723104),(526,5723104),(642,5723104),(673,5723104),(541,5723442),(571,5723442),(680,5723442),(689,5723442),(509,5726708),(563,5726708),(642,5726708),(692,5726708),(569,5736605),(575,5736605),(650,5736605),(689,5736605),(526,5748483),(566,5748483),(650,5748483),(682,5748483),(104,5749792),(663,5749792),(677,5749792),(687,5749792),(541,5751153),(661,5751153),(664,5751153),(688,5751153),(664,5751505),(672,5751505),(673,5751505),(690,5751505),(509,5769103),(541,5769103),(596,5769103),(651,5769103),(654,5769603),(664,5769603),(686,5769603),(687,5769603),(502,5771108),(505,5771108),(667,5771108),(680,5771108),(652,5771195),(663,5771195),(686,5771195),(693,5771195),(643,5771896),(647,5771896),(649,5771896),(664,5771896),(105,5772416),(529,5772416),(631,5772416),(638,5772416),(643,5772725),(663,5772725),(681,5772725),(689,5772725),(563,5773102),(652,5773102),(664,5773102),(689,5773102),(105,5775842),(541,5775842),(649,5775842),(688,5775842),(575,5788538),(655,5788538),(663,5788538),(692,5788538),(107,5789213),(581,5789213),(680,5789213),(687,5789213),(107,5790928),(560,5790928),(569,5790928),(575,5790928),(107,5792108),(514,5792108),(581,5792108),(640,5792108),(569,5792339),(631,5792339),(664,5792339),(689,5792339),(509,5822197),(563,5822197),(645,5822197),(681,5822197),(515,5824952),(590,5824952),(650,5824952),(667,5824952),(510,5826432),(667,5826432),(688,5826432),(693,5826432),(104,5828387),(541,5828387),(566,5828387),(678,5828387),(507,5838844),(571,5838844),(575,5838844),(690,5838844),(504,5839015),(541,5839015),(586,5839015),(680,5839015),(502,5839181),(529,5839181),(569,5839181),(663,5839181),(541,5839294),(643,5839294),(655,5839294),(690,5839294),(526,5839450),(664,5839450),(688,5839450),(692,5839450),(571,5839773),(649,5839773),(663,5839773),(693,5839773),(502,5840035),(586,5840035),(664,5840035),(690,5840035),(509,5840057),(566,5840057),(645,5840057),(690,5840057),(521,5840078),(527,5840078),(664,5840078),(690,5840078),(521,5840219),(661,5840219),(669,5840219),(675,5840219),(541,5840340),(642,5840340),(648,5840340),(664,5840340),(544,5840425),(575,5840425),(655,5840425),(692,5840425),(526,5840669),(586,5840669),(664,5840669),(692,5840669),(504,5840772),(582,5840772),(642,5840772),(643,5840772),(358,5840870),(692,5840870),(693,5840870),(695,5840870),(509,5841052),(563,5841052),(642,5841052),(690,5841052),(503,5841260),(661,5841260),(664,5841260),(669,5841260),(502,5841388),(514,5841388),(541,5841388),(582,5841388),(525,5841564),(640,5841564),(682,5841564),(692,5841564),(525,5841707),(643,5841707),(663,5841707),(690,5841707),(529,5841997),(664,5841997),(690,5841997),(693,5841997),(501,5842177),(571,5842177),(678,5842177),(690,5842177),(501,5842210),(645,5842210),(661,5842210),(690,5842210),(575,5842609),(643,5842609),(649,5842609),(667,5842609),(502,5843045),(569,5843045),(638,5843045),(686,5843045),(502,5843532),(515,5843532),(656,5843532),(667,5843532),(571,5843609),(637,5843609),(645,5843609),(690,5843609),(504,5843728),(541,5843728),(590,5843728),(690,5843728),(501,5843935),(521,5843935),(586,5843935),(650,5843935),(523,5843978),(525,5843978),(661,5843978),(690,5843978),(526,5844156),(575,5844156),(650,5844156),(655,5844156),(656,5844501),(661,5844501),(664,5844501),(690,5844501),(541,5844521),(571,5844521),(650,5844521),(690,5844521),(586,5844648),(649,5844648),(656,5844648),(692,5844648),(358,5844720),(560,5844720),(635,5844720),(648,5844720),(501,5844753),(566,5844753),(664,5844753),(690,5844753),(527,5844802),(544,5844802),(648,5844802),(664,5844802),(675,5845224),(678,5845224),(690,5845224),(693,5845224),(502,5845267),(521,5845267),(544,5845267),(680,5845267),(581,5845383),(590,5845383),(663,5845383),(690,5845383),(523,5845745),(661,5845745),(675,5845745),(679,5845745),(505,5845752),(575,5845752),(681,5845752),(692,5845752),(527,5845867),(560,5845867),(649,5845867),(679,5845867),(513,5845882),(637,5845882),(655,5845882),(677,5845882),(521,5846066),(664,5846066),(669,5846066),(690,5846066),(575,5846112),(675,5846112),(679,5846112),(692,5846112),(648,5846197),(649,5846197),(664,5846197),(673,5846197),(508,5846207),(523,5846207),(566,5846207),(690,5846207),(541,5846216),(586,5846216),(649,5846216),(692,5846216),(571,5846317),(590,5846317),(663,5846317),(690,5846317),(571,5846318),(663,5846318),(686,5846318),(693,5846318),(529,5846611),(560,5846611),(563,5846611),(573,5846611),(509,5847039),(515,5847039),(664,5847039),(690,5847039),(575,5847345),(648,5847345),(663,5847345),(692,5847345),(563,5847486),(655,5847486),(664,5847486),(690,5847486),(527,5847598),(563,5847598),(677,5847598),(692,5847598),(661,5847753),(664,5847753),(677,5847753),(693,5847753),(505,5847948),(650,5847948),(674,5847948),(690,5847948),(563,5847967),(571,5847967),(678,5847967),(693,5847967),(510,5848124),(541,5848124),(648,5848124),(663,5848124),(543,5848601),(679,5848601),(682,5848601),(693,5848601),(521,5848716),(543,5848716),(560,5848716),(692,5848716),(509,5849109),(655,5849109),(663,5849109),(690,5849109),(358,5852199),(524,5852199),(663,5852199),(669,5852199),(523,5861189),(643,5861189),(663,5861189),(690,5861189),(502,5875800),(566,5875800),(575,5875800),(683,5875800),(509,5878318),(571,5878318),(575,5878318),(679,5878318),(508,5878691),(544,5878691),(645,5878691),(656,5878691),(503,5895368),(643,5895368),(655,5895368),(693,5895368),(596,5896077),(650,5896077),(663,5896077),(683,5896077),(637,5897554),(643,5897554),(655,5897554),(660,5897554),(543,5897659),(661,5897659),(678,5897659),(683,5897659),(526,5898339),(529,5898339),(569,5898339),(682,5898339),(560,5898849),(656,5898849),(670,5898849),(683,5898849),(541,5899174),(640,5899174),(678,5899174),(683,5899174),(563,5899523),(566,5899523),(663,5899523),(670,5899523),(650,5914538),(667,5914538),(670,5914538),(679,5914538),(501,5915213),(575,5915213),(682,5915213),(695,5915213),(643,5916869),(645,5916869),(649,5916869),(650,5916869),(543,5918004),(582,5918004),(642,5918004),(650,5918004),(575,5918247),(643,5918247),(649,5918247),(679,5918247),(513,5940073),(650,5940073),(655,5940073),(678,5940073),(502,5940240),(505,5940240),(509,5940240),(663,5940240),(504,5940421),(586,5940421),(650,5940421),(680,5940421),(529,5940534),(544,5940534),(638,5940534),(663,5940534),(501,5940684),(569,5940684),(648,5940684),(655,5940684),(503,5941012),(569,5941012),(638,5941012),(670,5941012),(541,5941090),(573,5941090),(649,5941090),(656,5941090),(575,5941275),(670,5941275),(680,5941275),(685,5941275),(590,5941296),(650,5941296),(678,5941296),(683,5941296),(526,5941438),(645,5941438),(684,5941438),(686,5941438),(505,5941452),(563,5941452),(663,5941452),(670,5941452),(541,5941657),(645,5941657),(679,5941657),(680,5941657),(502,5942003),(544,5942003),(649,5942003),(650,5942003),(650,5942087),(663,5942087),(667,5942087),(683,5942087),(105,5942262),(568,5942262),(582,5942262),(678,5942262),(526,5942356),(648,5942356),(661,5942356),(667,5942356),(508,5942470),(541,5942470),(586,5942470),(670,5942470),(502,5942493),(505,5942493),(638,5942493),(667,5942493),(527,5942604),(566,5942604),(650,5942604),(683,5942604),(509,5942803),(541,5942803),(582,5942803),(680,5942803),(569,5942929),(575,5942929),(635,5942929),(648,5942929),(523,5943222),(541,5943222),(649,5943222),(655,5943222),(521,5943402),(541,5943402),(566,5943402),(683,5943402),(544,5943439),(582,5943439),(663,5943439),(670,5943439),(571,5943832),(582,5943832),(661,5943832),(678,5943832),(504,5944271),(663,5944271),(670,5944271),(677,5944271),(643,5944685),(661,5944685),(678,5944685),(686,5944685),(507,5944732),(640,5944732),(680,5944732),(695,5944732),(575,5944804),(663,5944804),(680,5944804),(685,5944804),(544,5944929),(569,5944929),(596,5944929),(640,5944929),(566,5945126),(656,5945126),(661,5945126),(678,5945126),(567,5945347),(642,5945347),(663,5945347),(670,5945347),(575,5945704),(650,5945704),(655,5945704),(685,5945704),(571,5945722),(582,5945722),(649,5945722),(677,5945722),(527,5945837),(529,5945837),(569,5945837),(655,5945837),(510,5945923),(529,5945923),(642,5945923),(647,5945923),(502,5945951),(541,5945951),(544,5945951),(648,5945951),(513,5946004),(541,5946004),(681,5946004),(686,5946004),(504,5946006),(544,5946006),(596,5946006),(685,5946006),(569,5946427),(575,5946427),(581,5946427),(670,5946427),(505,5946479),(543,5946479),(566,5946479),(667,5946479),(567,5946600),(661,5946600),(670,5946600),(674,5946600),(569,5946959),(643,5946959),(649,5946959),(678,5946959),(504,5947080),(643,5947080),(667,5947080),(685,5947080),(507,5947096),(541,5947096),(640,5947096),(647,5947096),(514,5947299),(640,5947299),(675,5947299),(686,5947299),(504,5947350),(541,5947350),(581,5947350),(680,5947350),(509,5947435),(560,5947435),(575,5947435),(647,5947435),(527,5947443),(563,5947443),(582,5947443),(663,5947443),(508,5947452),(663,5947452),(670,5947452),(683,5947452),(501,5947560),(575,5947560),(649,5947560),(667,5947560),(643,5947561),(667,5947561),(675,5947561),(682,5947561),(509,5948293),(541,5948293),(660,5948293),(690,5948293),(505,5948571),(541,5948571),(582,5948571),(678,5948571),(503,5948707),(638,5948707),(670,5948707),(685,5948707),(581,5948811),(638,5948811),(670,5948811),(678,5948811),(575,5948854),(586,5948854),(670,5948854),(680,5948854),(502,5948979),(541,5948979),(656,5948979),(681,5948979),(567,5949180),(582,5949180),(661,5949180),(680,5949180),(527,5949203),(649,5949203),(661,5949203),(669,5949203),(650,5949365),(681,5949365),(684,5949365),(686,5949365),(529,5949836),(568,5949836),(638,5949836),(661,5949836),(358,5949942),(504,5949942),(656,5949942),(673,5949942),(509,5949989),(573,5949989),(673,5949989),(686,5949989),(510,5953430),(529,5953430),(575,5953430),(670,5953430),(544,5962209),(563,5962209),(650,5962209),(686,5962209),(541,5978490),(637,5978490),(642,5978490),(670,5978490),(504,5979812),(566,5979812),(655,5979812),(670,5979812),(523,5981509),(571,5981509),(649,5981509),(650,5981509),(105,6011355),(567,6011355),(649,6011355),(680,6011355),(563,6018448),(566,6018448),(664,6018448),(681,6018448),(563,6020865),(664,6020865),(667,6020865),(675,6020865),(105,6021188),(505,6021188),(631,6021188),(663,6021188),(521,6040270),(568,6040270),(573,6040270),(669,6040270),(502,6040482),(504,6040482),(650,6040482),(667,6040482),(586,6040965),(643,6040965),(652,6040965),(679,6040965),(507,6042424),(521,6042424),(568,6042424),(669,6042424),(105,6042513),(631,6042513),(679,6042513),(680,6042513),(502,6043198),(569,6043198),(649,6043198),(673,6043198),(543,6043693),(568,6043693),(573,6043693),(655,6043693),(105,6043989),(504,6043989),(652,6043989),(679,6043989),(105,6044140),(571,6044140),(663,6044140),(686,6044140),(501,6044341),(575,6044341),(651,6044341),(667,6044341),(505,6049506),(513,6049506),(543,6049506),(693,6049506),(502,6058804),(652,6058804),(661,6058804),(663,6058804),(521,6059468),(569,6059468),(582,6059468),(664,6059468),(526,6061115),(575,6061115),(645,6061115),(683,6061115),(501,6062439),(521,6062439),(651,6062439),(685,6062439),(529,6091477),(643,6091477),(664,6091477),(682,6091477),(508,6094113),(529,6094113),(560,6094113),(656,6094113),(567,6095466),(575,6095466),(680,6095466),(692,6095466),(104,6097240),(502,6097240),(675,6097240),(680,6097240),(503,6108376),(569,6108376),(582,6108376),(661,6108376),(638,6108551),(643,6108551),(658,6108551),(661,6108551),(654,6108714),(655,6108714),(675,6108714),(679,6108714),(526,6108828),(586,6108828),(640,6108828),(686,6108828),(107,6109298),(502,6109298),(581,6109298),(679,6109298),(107,6109388),(569,6109388),(650,6109388),(663,6109388),(104,6109561),(524,6109561),(663,6109561),(684,6109561),(524,6109582),(544,6109582),(569,6109582),(586,6109582),(107,6109601),(507,6109601),(543,6109601),(683,6109601),(508,6109734),(571,6109734),(575,6109734),(645,6109734),(563,6109851),(586,6109851),(645,6109851),(656,6109851),(501,6110166),(544,6110166),(661,6110166),(679,6110166),(107,6110363),(541,6110363),(656,6110363),(685,6110363),(107,6110541),(543,6110541),(596,6110541),(635,6110541),(107,6110641),(515,6110641),(631,6110641),(663,6110641),(104,6111479),(652,6111479),(663,6111479),(674,6111479),(107,6111652),(504,6111652),(652,6111652),(661,6111652),(107,6111686),(503,6111686),(509,6111686),(649,6111686),(104,6112072),(656,6112072),(675,6112072),(683,6112072),(503,6112974),(567,6112974),(655,6112974),(658,6112974),(566,6113048),(635,6113048),(683,6113048),(688,6113048),(107,6113172),(566,6113172),(575,6113172),(690,6113172),(107,6113401),(505,6113401),(571,6113401),(663,6113401),(514,6113565),(527,6113565),(640,6113565),(690,6113565),(104,6113888),(504,6113888),(586,6113888),(679,6113888),(107,6113909),(509,6113909),(543,6113909),(569,6113909),(104,6114028),(523,6114028),(682,6114028),(688,6114028),(513,6114101),(596,6114101),(672,6114101),(674,6114101),(107,6114130),(569,6114130),(650,6114130),(679,6114130),(104,6114173),(543,6114173),(679,6114173),(684,6114173),(656,6114177),(679,6114177),(686,6114177),(688,6114177),(503,6114583),(638,6114583),(663,6114583),(686,6114583),(107,6114625),(515,6114625),(541,6114625),(649,6114625),(505,6114739),(581,6114739),(655,6114739),(664,6114739),(505,6115079),(571,6115079),(651,6115079),(686,6115079),(107,6115089),(501,6115089),(656,6115089),(661,6115089),(544,6115207),(563,6115207),(652,6115207),(683,6115207),(107,6115225),(508,6115225),(566,6115225),(638,6115225),(501,6115403),(581,6115403),(651,6115403),(655,6115403),(107,6115447),(571,6115447),(663,6115447),(686,6115447),(107,6115522),(648,6115522),(649,6115522),(650,6115522),(104,6115529),(567,6115529),(575,6115529),(683,6115529),(569,6115538),(575,6115538),(651,6115538),(656,6115538),(104,6115637),(502,6115637),(566,6115637),(655,6115637),(563,6116309),(631,6116309),(638,6116309),(663,6116309),(655,6116415),(679,6116415),(690,6116415),(692,6116415),(527,6116740),(661,6116740),(679,6116740),(683,6116740),(104,6116839),(503,6116839),(571,6116839),(582,6116839),(104,6117169),(566,6117169),(575,6117169),(667,6117169),(104,6117187),(569,6117187),(655,6117187),(679,6117187),(631,6117327),(664,6117327),(675,6117327),(682,6117327),(649,6117800),(654,6117800),(667,6117800),(688,6117800),(524,6117914),(560,6117914),(566,6117914),(680,6117914),(107,6117956),(566,6117956),(647,6117956),(656,6117956),(104,6118268),(503,6118268),(645,6118268),(679,6118268),(107,6118290),(527,6118290),(661,6118290),(683,6118290),(541,6121156),(643,6121156),(651,6121156),(679,6121156),(566,6128900),(631,6128900),(664,6128900),(688,6128900);
/*!40000 ALTER TABLE `box_to_product` ENABLE KEYS */;
UNLOCK TABLES;

--
-- Table structure for table `product`
--

DROP TABLE IF EXISTS `product`;
/*!40101 SET @saved_cs_client     = @@character_set_client */;
/*!40101 SET character_set_client = utf8 */;
CREATE TABLE `product` (
  `id` int(11) NOT NULL,
  `name` varchar(255) NOT NULL,
  `category` varchar(255) NOT NULL,
  `image_url` varchar(255) NOT NULL,
  PRIMARY KEY (`id`)
) ENGINE=InnoDB DEFAULT CHARSET=latin1;
/*!40101 SET character_set_client = @saved_cs_client */;

--
-- Dumping data for table `product`
--

LOCK TABLES `product` WRITE;
/*!40000 ALTER TABLE `product` DISABLE KEYS */;
INSERT INTO `product` VALUES 
(104,'coconut crumble cake with mango, passion fruit & lime coulis','little puds','http://d3ckgugpyj5kdi.cloudfront.net/1374/13.jpg'),
(105,'sticky toffee pudding','little puds','http://d3ckgugpyj5kdi.cloudfront.net/1330/13.jpg'),
(106,'apple and blackcurrant crumble with blackberry compote','little puds','http://d3ckgugpyj5kdi.cloudfront.net/1332/13.jpg'),
(107,'brilliant black forest','little puds','http://d31dz503apufg9.cloudfront.net/595/14.jpg'),
(358,'jalapeo hot chips','dips and dippers','http://d31dz503apufg9.cloudfront.net/1479/13.jpg'),
(501,'chocolate pretzel','dips and dippers','http://d31dz503apufg9.cloudfront.net/1479/13.jpg'),
(502,'fruity mango chutney','dips and dippers','http://d3ckgugpyj5kdi.cloudfront.net/1270/13.jpg'),
(503,'summer berry compote','dips and dippers','http://d31dz503apufg9.cloudfront.net/1275/13.jpg'),
(504,'my thai','dips and dippers','http://d3ckgugpyj5kdi.cloudfront.net/1226/13.jpg'),
(505,'Boston baguettes','dips and dippers','http://d31dz503apufg9.cloudfront.net/1201/13.jpg'),
(507,'Korai chutney','dips and dippers','http://d3ckgugpyj5kdi.cloudfront.net/1222/13.jpg'),
(508,'salsa fresca','dips and dippers','http://d31dz503apufg9.cloudfront.net/1167/13.jpg'),
(509,'bonnie wee oatbakes','dips and dippers','http://d3ckgugpyj5kdi.cloudfront.net/1156/13.jpg'),
(510,'smoky gazpacho dip','dips and dippers','http://d31dz503apufg9.cloudfront.net/1157/13.jpg'),
(513,'tomato dipinetti','dips and dippers','http://d31dz503apufg9.cloudfront.net/1123/13.jpg'),
(514,'toffee apple','dips and dippers','http://d3ckgugpyj5kdi.cloudfront.net/1122/13.jpg'),
(515,'texan corn salsa','savoury selection','http://d31dz503apufg9.cloudfront.net/1321/16.jpg'),
(519,'pomodoro rustichella','savoury selection','http://d3ckgugpyj5kdi.cloudfront.net/1314/16.jpg'),
(521,'olive and rosemary bruschetta','savoury selection','http://d31dz503apufg9.cloudfront.net/1313/16.jpg'),
(523,'spicy corn taco','savoury selection','http://d31dz503apufg9.cloudfront.net/1367/16.jpg'),
(524,'tomato and basil pizza','savoury selection','http://d3ckgugpyj5kdi.cloudfront.net/1372/16.jpg'),
(525,'sour cream and garlic crostini','savoury selection','http://d3ckgugpyj5kdi.cloudfront.net/1484/16.jpg'),
(526,'smoky bbq corn','savoury selection','http://d3ckgugpyj5kdi.cloudfront.net/1378/16.jpg'),
(527,'brooklyn bites','savoury selection','http://d3ckgugpyj5kdi.cloudfront.net/1366/16.jpg'),
(529,'el picante','savoury selection','http://d3ckgugpyj5kdi.cloudfront.net/1312/16.jpg'),
(541,'nacho libre','savoury selection','http://d3ckgugpyj5kdi.cloudfront.net/1298/16.jpg'),
(543,'veggie sushi plate','savoury selection','http://d3ckgugpyj5kdi.cloudfront.net/1148/16.jpg'),
(544,'habas tapas','savoury selection','http://d3ckgugpyj5kdi.cloudfront.net/1274/16.jpg'),
(560,'cheddar gorge','savoury selection','http://d3ckgugpyj5kdi.cloudfront.net/1076/16.jpg'),
(563,'yaki soba','savoury selection','http://d31dz503apufg9.cloudfront.net/1213/16.jpg'),
(566,'the british barbecue','savoury selection','http://d31dz503apufg9.cloudfront.net/1259/16.jpg'),
(567,'keen bean','savoury selection','http://d3ckgugpyj5kdi.cloudfront.net/1296/16.jpg'),
(568,'herby bread basket','savoury selection','http://d31dz503apufg9.cloudfront.net/1255/16.jpg'),
(569,'mumbai masala','savoury selection','http://d3ckgugpyj5kdi.cloudfront.net/1164/16.jpg'),
(571,'sweet goan curry crackers','savoury selection','http://d3ckgugpyj5kdi.cloudfront.net/1268/16.jpg'),
(573,'cracking black peppercorn','savoury selection','http://d31dz503apufg9.cloudfront.net/1269/16.jpg'),
(575,'wasapea','savoury selection','http://d31dz503apufg9.cloudfront.net/1279/16.jpg'),
(581,'very nori-sh','savoury selection','http://d3ckgugpyj5kdi.cloudfront.net/1300/16.jpg'),
(582,'korean chilli rice crackers','savoury selection','http://d31dz503apufg9.cloudfront.net/979/16.jpg'),
(586,'summer pudding','natural treats','http://d31dz503apufg9.cloudfront.net/1297/16.jpg'),
(590,'scrumptious blueberry swirl','natural treats','http://d31dz503apufg9.cloudfront.net/1105/16.jpg'),
(596,'pear tatin','natural treats','http://d31dz503apufg9.cloudfront.net/1219/16.jpg'),
(631,'banana split','natural treats','http://d3ckgugpyj5kdi.cloudfront.net/1482/16.jpg'),
(635,'jam doughnut','natural treatss','http://d31dz503apufg9.cloudfront.net/1385/16.jpg'),
(637,'cherry fudge sundae','natural treats','http://d3ckgugpyj5kdi.cloudfront.net/1486/16.jpg'),
(638,'eton mess','natural treats','http://d3ckgugpyj5kdi.cloudfront.net/1288/16.jpg'),
(640,'vanilla cherry frangipane','natural treats','http://d31dz503apufg9.cloudfront.net/1103/16.jpg'),
(642,'eleanor\'s apple crumble','natural treats','http://d31dz503apufg9.cloudfront.net/1261/16.jpg'),
(643,'hot cross yum','natural treats','http://d31dz503apufg9.cloudfront.net/1077/16.jpg'),
(645,'poached pear','natural treats','http://d3ckgugpyj5kdi.cloudfront.net/1188/16.jpg'),
(647,'banoffee pie','natural treats','http://d3ckgugpyj5kdi.cloudfront.net/1074/16.jpg'),
(648,'cherries & berries','pure fruit','http://d3ckgugpyj5kdi.cloudfront.net/1478/16.jpg'),
(649,'autumn cobbler','pure fruit','http://d3ckgugpyj5kdi.cloudfront.net/1476/16.jpg'),
(650,'festival fruits','pure fruit','http://d31dz503apufg9.cloudfront.net/1265/16.jpg'),
(651,'garden of england','pure fruit','http://d3ckgugpyj5kdi.cloudfront.net/1192/16.jpg'),
(652,'tutti frutti','pure fruit','http://d31dz503apufg9.cloudfront.net/1177/16.jpg'),
(654,'apple cosmo','pure fruit','http://d3ckgugpyj5kdi.cloudfront.net/1186/16.jpg'),
(655,'scandinavian forest','pure fruit','http://d3ckgugpyj5kdi.cloudfront.net/1158/16.jpg'),
(656,'tropical daiquiri','pure fruit','http://d31dz503apufg9.cloudfront.net/1147/16.jpg'),
(658,'little figgy went to market','pure fruit','http://d3ckgugpyj5kdi.cloudfront.net/1316/16.jpg'),
(660,'super berry detox','pure fruit','http://d3ckgugpyj5kdi.cloudfront.net/1052/16.jpg'),
(661,'tropical sundae','pure fruit','http://d3ckgugpyj5kdi.cloudfront.net/1094/16.jpg'),
(663,'pina colada','pure fruit','http://d3ckgugpyj5kdi.cloudfront.net/1308/16.jpg'),
(664,'salt and vinegar nut selection','whole nuts','http://d31dz503apufg9.cloudfront.net/1291/16.jpg'),
(667,'mississippi bbq pistachios','whole nuts','http://d31dz503apufg9.cloudfront.net/1141/16.jpg'),
(669,'lightly toasted pistachios','whole nuts','http://d31dz503apufg9.cloudfront.net/981/16.jpg'),
(670,'chilli and lime pistachios','whole nuts','http://d31dz503apufg9.cloudfront.net/1161/16.jpg'),
(671,'black pepper pistachios','whole nuts','http://d3ckgugpyj5kdi.cloudfront.net/1160/16.jpg'),
(672,'natural energy nuts','whole nuts','http://d31dz503apufg9.cloudfront.net/1373/16.jpg'),
(673,'heart healthy nuts','whole nuts','http://d31dz503apufg9.cloudfront.net/1277/16.jpg'),
(674,'shangri-la','pure fruit, nuts and seeds','http://d31dz503apufg9.cloudfront.net/1185/16.jpg'),
(675,'rock the casbah','pure fruit, nuts and seeds','http://d31dz503apufg9.cloudfront.net/975/16.jpg'),
(677,'born in the usa','pure fruit, nuts and seeds','http://d31dz503apufg9.cloudfront.net/875/16.jpg'),
(678,'bakewell tart','pure fruit, nuts and seeds','http://d31dz503apufg9.cloudfront.net/1115/16.jpg'),
(679,'seedsational','super seeds','http://d3ckgugpyj5kdi.cloudfront.net/924/16.jpg'),
(680,'omega booster seeds','super seeds','http://d31dz503apufg9.cloudfront.net/923/16.jpg'),
(681,'natural vanilla seeds','super seeds','http://d3ckgugpyj5kdi.cloudfront.net/926/16.jpg'),
(682,'fiery seeds','super seeds','http://d3ckgugpyj5kdi.cloudfront.net/1200/16.jpg'),
(683,'cranberry and honey nut granola','super seeds','http://d3ckgugpyj5kdi.cloudfront.net/1228/16.jpg'),
(684,'chocolate orange granola','super seeds','http://d3ckgugpyj5kdi.cloudfront.net/1258/16.jpg'),
(685,'green olives with harissa','marinated olives','http://d31dz503apufg9.cloudfront.net/1319/13.jpg'),
(686,'mixed olives with rosemary and lemon','marinated olives','http://d3ckgugpyj5kdi.cloudfront.net/1318/13.jpg'),
(687,'green olives with basil and garlic','marinated olives','http://d31dz503apufg9.cloudfront.net/1169/13.jpg'),
(688,'jaffa cake flapjack','flapjacks','http://d3ckgugpyj5kdi.cloudfront.net/1480/16.jpg'),
(689,'summer berry flapjack','flapjacks','http://d31dz503apufg9.cloudfront.net/1189/16.jpg'),
(690,'apple and cinnamon flapjack','flapjacks','http://d3ckgugpyj5kdi.cloudfront.net/1212/16.jpg'),
(691,'honeycomb flapjack','flapjacks','http://d31dz503apufg9.cloudfront.net/1209/16.jpg'),
(692,'fruit and seed flapjack','flapjacks','http://d3ckgugpyj5kdi.cloudfront.net/1210/16.jpg'),
(693,'twist of black pepper popcorn','healthy popping corn','http://d31dz503apufg9.cloudfront.net/1283/13.jpg'),
(694,'slightly sweet popcorn','healthy popping corn','http://d31dz503apufg9.cloudfront.net/1281/13.jpg'),
(695,'lightly salted popcorn','healthy popping corn','http://d3ckgugpyj5kdi.cloudfront.net/1280/13.jpg');
/*!40000 ALTER TABLE `product` ENABLE KEYS */;
UNLOCK TABLES;

--
-- Table structure for table `rating`
--

DROP TABLE IF EXISTS `rating`;
/*!40101 SET @saved_cs_client     = @@character_set_client */;
/*!40101 SET character_set_client = utf8 */;
CREATE TABLE `rating` (
  `product_id` int(11) NOT NULL,
  `account_id` int(11) NOT NULL,
  `rating` int(11) NOT NULL,
  PRIMARY KEY (`product_id`,`account_id`),
  KEY `account_id` (`account_id`)
) ENGINE=InnoDB DEFAULT CHARSET=latin1;
/*!40101 SET character_set_client = @saved_cs_client */;

--
-- Dumping data for table `rating`
--

LOCK TABLES `rating` WRITE;
/*!40000 ALTER TABLE `rating` DISABLE KEYS */;
INSERT INTO `rating` VALUES (104,10700,0),(104,13997,3),(104,21138,3),(104,22955,0),(104,26285,0),(104,35219,0),(104,38792,0),(104,55680,0),(104,84978,0),(104,92932,3),(104,98517,1),(104,107095,1),(104,109109,0),(104,120120,3),(104,127291,0),(104,129017,3),(104,133236,0),(104,136756,0),(104,161101,0),(104,170111,0),(104,173915,2),(104,177295,1),(104,182210,0),(104,186780,2),(104,190170,0),(104,191538,0),(104,195052,0),(104,199764,0),(104,205336,2),(104,205533,0),(104,206525,0),(104,210809,3),(104,215233,3),(104,216375,1),(104,220622,3),(104,227179,0),(104,233870,0),(104,237560,1),(104,238435,0),(104,240178,0),(104,241782,0),(104,242432,0),(104,243734,0),(104,248511,0),(104,251741,3),(104,268516,0),(104,272727,0),(104,275128,3),(104,284651,0),(104,295264,2),(104,301432,0),(104,305053,0),(104,310709,2),(104,318945,3),(104,322517,2),(104,324051,2),(104,328230,0),(104,329014,0),(104,332184,0),(104,353210,3),(104,355303,0),(104,356205,1),(104,357467,0),(104,374432,0),(104,393683,1),(104,398900,0),(104,403331,1),(104,403463,0),(104,404964,3),(104,414594,0),(104,417345,0),(104,418902,0),(104,421685,0),(104,433748,0),(104,435998,3),(104,446193,0),(104,450875,2),(104,453777,0),(104,454995,0),(104,456094,0),(104,456694,0),(104,460319,0),(104,460809,0),(104,466372,1),(104,475723,0),(104,476547,1),(104,491081,3),(104,495276,2),(104,499456,3),(104,499793,3),(104,503446,3),(104,504471,3),(104,506445,2),(104,506511,0),(104,506605,0),(104,507246,0),(104,507532,3),(104,508021,1),(104,508079,0),(104,510833,0),(104,513043,0),(104,515421,3),(104,518947,0),(104,521256,0),(104,521968,3),(104,530553,2),(104,534086,2),(104,539760,0),(104,543983,0),(104,544424,3),(104,551022,1),(104,553035,0),(104,553138,0),(104,554158,0),(104,554795,0),(104,558393,0),(104,564645,3),(104,570219,0),(104,570236,0),(104,572389,0),(104,572955,0),(104,573974,0),(104,574784,0),(104,576123,2),(104,577086,0),(104,578011,0),(104,579956,0),(104,580221,0),(104,580505,0),(104,581161,3),(104,586165,3),(104,586260,3),(104,590508,3),(104,591280,0),(104,595068,3),(104,595105,0),(104,596229,1),(104,597106,0),(104,597571,3),(104,598379,2),(104,598518,0),(104,599148,0),(104,599952,0),(104,600917,0),(104,601215,1),(104,601931,3),(104,602066,3),(104,605052,0),(104,608748,2),(104,609043,2),(104,610628,1),(104,611509,0),(104,616833,2),(104,617594,3),(104,618559,3),(104,620110,2),(104,621563,0),(104,625200,0),(104,625838,2),(104,626036,0),(104,626050,0),(104,626412,0),(104,626459,1),(104,626672,0),(104,627496,3),(104,627618,0),(104,629549,3),(104,630121,3),(104,630175,0),(104,630704,2),(105,10700,0),(105,13997,0),(105,21138,3),(105,22955,2),(105,26285,0),(105,35219,0),(105,38792,0),(105,55680,0),(105,84978,0),(105,92932,2),(105,98517,2),(105,107095,0),(105,109109,0),(105,119834,1),(105,120120,3),(105,127291,0),(105,129017,0),(105,133236,0),(105,136756,0),(105,161101,0),(105,170111,0),(105,173915,2),(105,177295,0),(105,182210,0),(105,186780,1),(105,190170,0),(105,191538,0),(105,195052,0),(105,199764,0),(105,205336,2),(105,205533,0),(105,206525,0),(105,216375,0),(105,220622,1),(105,227179,0),(105,233870,0),(105,237560,0),(105,238435,0),(105,240178,0),(105,241782,0),(105,242432,0),(105,243734,3),(105,248511,0),(105,251741,0),(105,268516,0),(105,272727,0),(105,275128,0),(105,284651,3),(105,301432,2),(105,305053,0),(105,310709,1),(105,318945,3),(105,324051,0),(105,328230,0),(105,329014,0),(105,332184,0),(105,353210,0),(105,355303,0),(105,356205,1),(105,357467,0),(105,374432,1),(105,393683,1),(105,398900,0),(105,403463,0),(105,404964,1),(105,414594,0),(105,417345,0),(105,418902,0),(105,421685,0),(105,433748,3),(105,435998,3),(105,446193,0),(105,450875,1),(105,453777,0),(105,454995,0),(105,456094,0),(105,456694,0),(105,460319,0),(105,460809,0),(105,466372,2),(105,475723,0),(105,476547,1),(105,491081,2),(105,495276,2),(105,499456,3),(105,499793,3),(105,503446,3),(105,504471,3),(105,506445,2),(105,506511,0),(105,506605,0),(105,507246,0),(105,507532,3),(105,508021,0),(105,508079,0),(105,510833,0),(105,513043,3),(105,515421,2),(105,518947,0),(105,521256,0),(105,521968,3),(105,530553,2),(105,534086,2),(105,538142,0),(105,539760,3),(105,543983,0),(105,544424,3),(105,551022,0),(105,553035,0),(105,553138,3),(105,554158,3),(105,558393,0),(105,562334,0),(105,564645,1),(105,570219,0),(105,570236,0),(105,572389,0),(105,572955,0),(105,573974,0),(105,574784,0),(105,576259,2),(105,577086,0),(105,578011,0),(105,579956,0),(105,580221,0),(105,580505,0),(105,581161,3),(105,586165,2),(105,590508,3),(105,591280,0),(105,595068,3),(105,595105,3),(105,595288,3),(105,596229,3),(105,597106,0),(105,597571,3),(105,598379,3),(105,598518,0),(105,599148,0),(105,599952,0),(105,600917,0),(105,601215,0),(105,602066,3),(105,605052,0),(105,608516,2),(105,608748,3),(105,609043,0),(105,611509,0),(105,616833,3),(105,617594,2),(105,618559,3),(105,620110,3),(105,621563,1),(105,625200,0),(105,625838,0),(105,626036,0),(105,626050,0),(105,626412,0),(105,626459,1),(105,626672,0),(105,627496,0),(105,627618,0),(105,630121,3),(105,630175,0),(105,630388,0),(105,630704,0),(106,10700,0),(106,13997,3),(106,21138,3),(106,22955,0),(106,26285,0),(106,35219,0),(106,38792,0),(106,55680,0),(106,84978,0),(106,92932,2),(106,98517,1),(106,107095,0),(106,109109,0),(106,119834,1),(106,120120,3),(106,127291,0),(106,129017,2),(106,133236,0),(106,136756,0),(106,161101,0),(106,170111,0),(106,173915,3),(106,177295,0),(106,182210,0),(106,186780,3),(106,190170,0),(106,191538,3),(106,195052,0),(106,199764,0),(106,205336,2),(106,205533,0),(106,206525,0),(106,210809,2),(106,215233,3),(106,216375,3),(106,220622,1),(106,227179,0),(106,233870,0),(106,237560,0),(106,238435,0),(106,240178,0),(106,241782,0),(106,242432,0),(106,243734,2),(106,248511,0),(106,251741,2),(106,268516,0),(106,272727,0),(106,275128,0),(106,284651,0),(106,301432,0),(106,305053,0),(106,310709,3),(106,318945,3),(106,322517,2),(106,324051,0),(106,328230,0),(106,329014,0),(106,332184,0),(106,353210,2),(106,355303,0),(106,356205,1),(106,357467,0),(106,393683,1),(106,398900,0),(106,403463,0),(106,404964,1),(106,414594,0),(106,417345,0),(106,418902,0),(106,421685,0),(106,433748,0),(106,435998,3),(106,446193,0),(106,450875,1),(106,453777,0),(106,454995,0),(106,456094,0),(106,456694,0),(106,460319,0),(106,460809,0),(106,466372,1),(106,475723,0),(106,476547,1),(106,495276,2),(106,499456,3),(106,499793,3),(106,504471,3),(106,506445,1),(106,506511,0),(106,506605,0),(106,507246,1),(106,507532,3),(106,508021,0),(106,508079,0),(106,510833,0),(106,513043,2),(106,515421,3),(106,518947,0),(106,521256,0),(106,521952,2),(106,521968,3),(106,530553,2),(106,539760,2),(106,543983,0),(106,551022,0),(106,553035,0),(106,553138,2),(106,554795,3),(106,558393,2),(106,564645,3),(106,570219,0),(106,570236,0),(106,572389,0),(106,572955,0),(106,573974,0),(106,574784,0),(106,576123,2),(106,577086,0),(106,578011,0),(106,579956,0),(106,580221,0),(106,580505,0),(106,581161,3),(106,586165,2),(106,586260,1),(106,590508,3),(106,591280,0),(106,595068,1),(106,595105,0),(106,596229,2),(106,597106,0),(106,597571,3),(106,598379,2),(106,598518,0),(106,599148,0),(106,599952,0),(106,600917,0),(106,601215,0),(106,602066,3),(106,605052,0),(106,608516,3),(106,609043,2),(106,611509,2),(106,616833,2),(106,617594,3),(106,618559,3),(106,620110,2),(106,621563,1),(106,623106,3),(106,625200,0),(106,625838,2),(106,626036,0),(106,626050,0),(106,626412,0),(106,626459,1),(106,626672,0),(106,627618,0),(106,630121,3),(106,630175,0),(106,630388,2),(107,10700,0),(107,13997,3),(107,21138,3),(107,22955,0),(107,26285,0),(107,35219,0),(107,38792,0),(107,55680,0),(107,84978,0),(107,92932,2),(107,98517,2),(107,107095,3),(107,109109,0),(107,119834,2),(107,120120,3),(107,127291,0),(107,129017,3),(107,133236,3),(107,136756,0),(107,161101,0),(107,170111,0),(107,173915,3),(107,177295,1),(107,182210,0),(107,186780,3),(107,190170,0),(107,191538,2),(107,195052,0),(107,199764,0),(107,203696,2),(107,205336,2),(107,205533,0),(107,206525,0),(107,210809,1),(107,216375,3),(107,220622,3),(107,227179,0),(107,233870,0),(107,237560,0),(107,238435,0),(107,240178,0),(107,241782,0),(107,242432,0),(107,243734,2),(107,248511,0),(107,251741,3),(107,268516,0),(107,272727,0),(107,275128,3),(107,284651,3),(107,301432,2),(107,305053,0),(107,310709,3),(107,318945,3),(107,322517,2),(107,324051,0),(107,328230,0),(107,329014,0),(107,332184,0),(107,353210,3),(107,355303,0),(107,356205,1),(107,357467,0),(107,393683,1),(107,398900,0),(107,403331,1),(107,403463,0),(107,404964,1),(107,414594,0),(107,417345,0),(107,418902,0),(107,421685,0),(107,433748,3),(107,435998,2),(107,446193,0),(107,450875,1),(107,452460,3),(107,453777,0),(107,454995,0),(107,456094,0),(107,456694,0),(107,460319,0),(107,460809,0),(107,466372,3),(107,475723,0),(107,476547,1),(107,491081,2),(107,495276,2),(107,499456,3),(107,499793,3),(107,503446,1),(107,504471,3),(107,506445,2),(107,506511,0),(107,506605,0),(107,507246,1),(107,507532,3),(107,508021,0),(107,508079,0),(107,510833,0),(107,513043,3),(107,515421,0),(107,518947,0),(107,521256,0),(107,521952,2),(107,521968,3),(107,530553,2),(107,539760,3),(107,543983,0),(107,544424,3),(107,551022,0),(107,552831,2),(107,553035,0),(107,553138,0),(107,553873,2),(107,554158,3),(107,558393,2),(107,562334,3),(107,564645,1),(107,570219,0),(107,570236,0),(107,572389,0),(107,572955,0),(107,573974,0),(107,574784,0),(107,576123,3),(107,577086,0),(107,578011,0),(107,579956,0),(107,580221,0),(107,580505,0),(107,581161,3),(107,586165,2),(107,586260,3),(107,590508,3),(107,591280,0),(107,595068,1),(107,595105,0),(107,596229,2),(107,597106,0),(107,597571,3),(107,598379,3),(107,598518,0),(107,599148,0),(107,599952,0),(107,600917,1),(107,601215,2),(107,602066,3),(107,605052,0),(107,608516,2),(107,609043,2),(107,616833,2),(107,617594,3),(107,618559,3),(107,620110,1),(107,621563,0),(107,624877,2),(107,625200,0),(107,625838,2),(107,625878,1),(107,626036,0),(107,626050,0),(107,626412,2),(107,626459,3),(107,626672,0),(107,627496,2),(107,627618,0),(107,629549,1),(107,630121,3),(107,630175,0),(107,630388,3),(107,630704,1),(358,10700,1),(358,13997,3),(358,21138,3),(358,22955,0),(358,26285,0),(358,38792,0),(358,55680,0),(358,84978,0),(358,98517,1),(358,107095,0),(358,109109,0),(358,120120,0),(358,127291,2),(358,129017,0),(358,136756,0),(358,161101,0),(358,173915,2),(358,177295,1),(358,182210,0),(358,186780,2),(358,190170,0),(358,191538,3),(358,199764,2),(358,205336,0),(358,205533,1),(358,206525,0),(358,210809,0),(358,220622,0),(358,233870,1),(358,240178,2),(358,241782,1),(358,243734,0),(358,248511,0),(358,275128,0),(358,284651,3),(358,295264,2),(358,301432,0),(358,305053,2),(358,318945,0),(358,324051,0),(358,332184,3),(358,353210,3),(358,355303,2),(358,356205,0),(358,357467,1),(358,374432,0),(358,393683,0),(358,403331,1),(358,403463,0),(358,404964,1),(358,414594,2),(358,417345,0),(358,418902,0),(358,433748,0),(358,435998,0),(358,453777,0),(358,454995,0),(358,456094,3),(358,460809,1),(358,475723,0),(358,476547,1),(358,491081,0),(358,495276,3),(358,499793,0),(358,504471,0),(358,506511,0),(358,507246,0),(358,507532,2),(358,508021,0),(358,508079,2),(358,510833,0),(358,513043,2),(358,515421,2),(358,518947,2),(358,521256,2),(358,521952,2),(358,538142,2),(358,539760,2),(358,543983,1),(358,553035,0),(358,553138,1),(358,554795,2),(358,558393,1),(358,570219,2),(358,570236,2),(358,572389,1),(358,573974,0),(358,576123,2),(358,577086,0),(358,578011,0),(358,580221,1),(358,580505,0),(358,586165,3),(358,586260,2),(358,590508,0),(358,591280,0),(358,596229,2),(358,597106,0),(358,597571,2),(358,598379,2),(358,598518,0),(358,599148,0),(358,599952,0),(358,600917,3),(358,601215,0),(358,602066,3),(358,605052,0),(358,608516,2),(358,608748,3),(358,617594,2),(358,618559,0),(358,620110,2),(358,621563,3),(358,625838,0),(358,626036,0),(358,626459,3),(358,627496,2),(358,630388,2),(501,13997,0),(501,26285,0),(501,55680,2),(501,98517,2),(501,107095,0),(501,115140,0),(501,119834,0),(501,120120,0),(501,133236,0),(501,173915,2),(501,182210,3),(501,190170,0),(501,195052,1),(501,199764,0),(501,205336,2),(501,205533,1),(501,206525,0),(501,220622,2),(501,227179,0),(501,238435,0),(501,240178,2),(501,241782,2),(501,248511,0),(501,251741,0),(501,268516,3),(501,272727,2),(501,275128,0),(501,284651,1),(501,295264,0),(501,301432,0),(501,305053,2),(501,310709,2),(501,322517,2),(501,324051,0),(501,328230,0),(501,329014,0),(501,332184,2),(501,353210,3),(501,355303,0),(501,357467,0),(501,374432,2),(501,393683,3),(501,398900,2),(501,403331,0),(501,403463,0),(501,404964,0),(501,414594,1),(501,417345,2),(501,418902,3),(501,421685,3),(501,433748,0),(501,435998,2),(501,446193,3),(501,450875,1),(501,452460,0),(501,453777,0),(501,454995,0),(501,456694,0),(501,460809,0),(501,475723,3),(501,476547,0),(501,491081,2),(501,499456,2),(501,499793,0),(501,503446,0),(501,504471,2),(501,506511,0),(501,506605,0),(501,507246,1),(501,507532,3),(501,508021,0),(501,508079,2),(501,510833,0),(501,513043,3),(501,515421,2),(501,518947,3),(501,521256,0),(501,521952,0),(501,521968,2),(501,530553,2),(501,534086,2),(501,538142,0),(501,539760,2),(501,543983,2),(501,553035,1),(501,553138,2),(501,553873,2),(501,554795,2),(501,558393,2),(501,562203,1),(501,562334,2),(501,570219,2),(501,570236,1),(501,572955,0),(501,573974,0),(501,574784,0),(501,576259,3),(501,577086,2),(501,578011,0),(501,580221,3),(501,580505,0),(501,586165,3),(501,586260,2),(501,591280,0),(501,595068,2),(501,595288,1),(501,597106,0),(501,598518,2),(501,599148,0),(501,599952,1),(501,600917,3),(501,601215,2),(501,601931,0),(501,602066,0),(501,605052,0),(501,607230,2),(501,608516,0),(501,609043,0),(501,616833,3),(501,617594,2),(501,618559,0),(501,620110,2),(501,621563,3),(501,625200,2),(501,626459,3),(501,627496,0),(501,627618,3),(501,629549,2),(501,630121,0),(501,630388,0),(502,13997,2),(502,21138,2),(502,35219,2),(502,92932,1),(502,98517,3),(502,117770,0),(502,120120,0),(502,129017,3),(502,133236,2),(502,161101,0),(502,173915,2),(502,190170,0),(502,199764,0),(502,203696,3),(502,205336,2),(502,205533,1),(502,206525,0),(502,215233,0),(502,220622,2),(502,227179,0),(502,233870,1),(502,238435,0),(502,240178,2),(502,242432,0),(502,248511,0),(502,251741,0),(502,268516,3),(502,272727,2),(502,275128,2),(502,284651,0),(502,295264,0),(502,301432,0),(502,305053,2),(502,324051,0),(502,328230,0),(502,329014,0),(502,332184,2),(502,353210,2),(502,355303,0),(502,357467,0),(502,374432,0),(502,393683,3),(502,398900,1),(502,403331,0),(502,403463,0),(502,414594,2),(502,417345,3),(502,418902,2),(502,421685,3),(502,433748,0),(502,435998,2),(502,446193,2),(502,450875,1),(502,453777,0),(502,454995,0),(502,456694,0),(502,460319,0),(502,460809,0),(502,476547,0),(502,491081,2),(502,499456,2),(502,499793,0),(502,503446,0),(502,504471,1),(502,506511,0),(502,506605,1),(502,507532,3),(502,508021,0),(502,508079,2),(502,510833,0),(502,513043,2),(502,515421,1),(502,518947,3),(502,521256,0),(502,530553,2),(502,538142,0),(502,539760,0),(502,543983,2),(502,553035,1),(502,553138,1),(502,553873,2),(502,554795,0),(502,562203,1),(502,562334,2),(502,564645,1),(502,570219,3),(502,572955,0),(502,573974,0),(502,574784,0),(502,577086,1),(502,578011,0),(502,580221,3),(502,586165,3),(502,586260,2),(502,590508,0),(502,591280,0),(502,595068,0),(502,595288,0),(502,596229,2),(502,597106,0),(502,598379,2),(502,598518,1),(502,599148,0),(502,601215,2),(502,602066,0),(502,605052,0),(502,607230,2),(502,608516,0),(502,608748,0),(502,617594,2),(502,618559,0),(502,621563,3),(502,624877,0),(502,626459,2),(502,627496,0),(502,627618,1),(502,630121,0),(502,630175,2),(502,630388,0),(503,22955,1),(503,38792,2),(503,98517,0),(503,129017,0),(503,133236,0),(503,170111,3),(503,173915,2),(503,190170,0),(503,191538,0),(503,205336,2),(503,205533,1),(503,206525,0),(503,210809,1),(503,215233,1),(503,216375,1),(503,220622,1),(503,227179,1),(503,237560,0),(503,240178,2),(503,242432,0),(503,248511,0),(503,251741,0),(503,275128,0),(503,284651,2),(503,295264,2),(503,301432,1),(503,305053,2),(503,310709,3),(503,318945,0),(503,322517,2),(503,324051,0),(503,328230,3),(503,332184,2),(503,353210,0),(503,355303,3),(503,356205,0),(503,357467,3),(503,393683,2),(503,403331,0),(503,403463,0),(503,414594,2),(503,417345,0),(503,433748,0),(503,435998,0),(503,446193,0),(503,450875,0),(503,453777,0),(503,454995,0),(503,460809,0),(503,475723,0),(503,476547,1),(503,491081,3),(503,495276,3),(503,499793,0),(503,503446,2),(503,504471,2),(503,506445,2),(503,506511,0),(503,506605,3),(503,507246,0),(503,508021,0),(503,508079,2),(503,510833,0),(503,513043,3),(503,515421,3),(503,518947,2),(503,521256,3),(503,530553,1),(503,538142,1),(503,539760,0),(503,543983,0),(503,544424,3),(503,551022,1),(503,553035,1),(503,553138,2),(503,562334,2),(503,564645,2),(503,570219,2),(503,572955,0),(503,573974,0),(503,574784,0),(503,577086,0),(503,578011,2),(503,580221,2),(503,586165,3),(503,586260,0),(503,591280,0),(503,595105,0),(503,596229,3),(503,599148,0),(503,599952,1),(503,602066,0),(503,608516,3),(503,617594,2),(503,626036,0),(503,626459,0),(503,627496,0),(503,627618,1),(503,629549,3),(503,630121,3),(503,630704,0),(503,631797,0),(504,10700,0),(504,13997,0),(504,82811,0),(504,98517,0),(504,119834,0),(504,133236,0),(504,173915,2),(504,190170,0),(504,191538,0),(504,199764,0),(504,203696,2),(504,205336,0),(504,205533,1),(504,206525,0),(504,216375,0),(504,220622,2),(504,227179,0),(504,238435,0),(504,242432,0),(504,248511,0),(504,251741,2),(504,268516,2),(504,275128,2),(504,284651,3),(504,305053,0),(504,310709,2),(504,322517,3),(504,324051,0),(504,328230,0),(504,329014,0),(504,332184,2),(504,353210,3),(504,355303,2),(504,357467,2),(504,403331,0),(504,403463,0),(504,417345,0),(504,418902,2),(504,421685,3),(504,433748,0),(504,435998,0),(504,446193,2),(504,450875,1),(504,454995,0),(504,456094,1),(504,456694,0),(504,460319,0),(504,460809,0),(504,476547,0),(504,491081,2),(504,499456,2),(504,499793,0),(504,503446,0),(504,506511,0),(504,506605,0),(504,507246,0),(504,507532,3),(504,508021,0),(504,508079,3),(504,513043,2),(504,518947,2),(504,521256,0),(504,530553,2),(504,539760,0),(504,553035,1),(504,553138,0),(504,553873,2),(504,554795,0),(504,562334,0),(504,570219,1),(504,572955,0),(504,573974,0),(504,574784,0),(504,577086,2),(504,578011,0),(504,579956,0),(504,580221,3),(504,580505,0),(504,586165,2),(504,591280,0),(504,595068,0),(504,595288,2),(504,596229,2),(504,597106,0),(504,598518,0),(504,599148,0),(504,599952,0),(504,602066,0),(504,605052,0),(504,608516,0),(504,608748,0),(504,609043,2),(504,616833,3),(504,617594,2),(504,618559,0),(504,621563,2),(504,624877,0),(504,625838,0),(504,626036,0),(504,626459,2),(504,627496,0),(504,627618,3),(504,630121,0),(504,630704,1),(505,10700,0),(505,13997,1),(505,26285,0),(505,35219,1),(505,38792,0),(505,55680,0),(505,82811,0),(505,92932,0),(505,98517,0),(505,109109,0),(505,115140,2),(505,129017,0),(505,133236,0),(505,161101,2),(505,173915,0),(505,182210,0),(505,186780,0),(505,203696,0),(505,205336,0),(505,205533,1),(505,206525,1),(505,215233,3),(505,216375,0),(505,220622,1),(505,227179,2),(505,237560,0),(505,238435,0),(505,240178,3),(505,241782,0),(505,242432,0),(505,248511,0),(505,251741,0),(505,268516,0),(505,275128,0),(505,284651,1),(505,295264,0),(505,301432,0),(505,305053,0),(505,310709,2),(505,318945,0),(505,322517,2),(505,324051,0),(505,328230,0),(505,329014,2),(505,353210,1),(505,355303,3),(505,356205,0),(505,357467,0),(505,374432,0),(505,393683,1),(505,398900,0),(505,403463,0),(505,404964,0),(505,414594,2),(505,417345,0),(505,418902,0),(505,433748,0),(505,435998,0),(505,446193,0),(505,453777,2),(505,454995,0),(505,456694,0),(505,460809,0),(505,475723,0),(505,476547,2),(505,491081,2),(505,499456,0),(505,499793,0),(505,504471,2),(505,506511,0),(505,506605,2),(505,507246,0),(505,507532,3),(505,508021,0),(505,508079,2),(505,513043,0),(505,515421,0),(505,518947,0),(505,521256,0),(505,539760,1),(505,543983,0),(505,544424,3),(505,553035,1),(505,553138,0),(505,554158,3),(505,554795,2),(505,558393,0),(505,562334,0),(505,570219,0),(505,572389,0),(505,572955,3),(505,573974,0),(505,574784,0),(505,576123,3),(505,577086,0),(505,578011,2),(505,579956,0),(505,580221,2),(505,581161,2),(505,586165,2),(505,591280,0),(505,595068,0),(505,595288,3),(505,596229,3),(505,597106,0),(505,598379,0),(505,599148,0),(505,599952,0),(505,600917,0),(505,601215,0),(505,602066,1),(505,605052,0),(505,607230,2),(505,608516,0),(505,609043,2),(505,611509,2),(505,617594,2),(505,618559,0),(505,620110,2),(505,621563,0),(505,625200,0),(505,625364,2),(505,625838,0),(505,625878,2),(505,626412,0),(505,626459,0),(505,627496,0),(505,629549,3),(505,630121,3),(505,630388,0),(505,630704,0),(507,10700,1),(507,13997,1),(507,26285,0),(507,60826,3),(507,84978,2),(507,92932,1),(507,98517,0),(507,119834,2),(507,120120,0),(507,129017,0),(507,133236,0),(507,170111,0),(507,173915,3),(507,190170,0),(507,199764,2),(507,203696,2),(507,205533,1),(507,206525,2),(507,210809,2),(507,216375,2),(507,220622,1),(507,227179,1),(507,237560,0),(507,240178,2),(507,242432,0),(507,248511,0),(507,251741,0),(507,275128,0),(507,284651,0),(507,295264,2),(507,310709,2),(507,318945,0),(507,322517,2),(507,324051,1),(507,328230,0),(507,329014,0),(507,332184,2),(507,353210,0),(507,355303,2),(507,356205,1),(507,357467,0),(507,374432,0),(507,393683,3),(507,403331,0),(507,403463,0),(507,414594,2),(507,417345,3),(507,418902,2),(507,433748,0),(507,435998,0),(507,446193,0),(507,453777,1),(507,454995,0),(507,456094,0),(507,456694,0),(507,460809,0),(507,475723,0),(507,476547,1),(507,491081,2),(507,495276,2),(507,499793,0),(507,503446,3),(507,504471,3),(507,507246,0),(507,508021,0),(507,508079,2),(507,510833,0),(507,518947,0),(507,521256,2),(507,530553,0),(507,538142,0),(507,539760,0),(507,543983,0),(507,544424,3),(507,553035,2),(507,553138,2),(507,554795,0),(507,562203,1),(507,562334,3),(507,570219,2),(507,570236,2),(507,572389,0),(507,573974,0),(507,574784,0),(507,577086,0),(507,578011,0),(507,580221,1),(507,581161,1),(507,586165,3),(507,590508,0),(507,591280,0),(507,595068,0),(507,595288,1),(507,596229,2),(507,597106,0),(507,597571,2),(507,599148,0),(507,602066,0),(507,608516,1),(507,617594,2),(507,618559,1),(507,625200,0),(507,627496,0),(507,627618,1),(507,630121,3),(507,630388,0),(508,38792,2),(508,92932,3),(508,133236,0),(508,170111,3),(508,190170,0),(508,199764,0),(508,203696,2),(508,205336,1),(508,205533,1),(508,206525,0),(508,210809,0),(508,216375,1),(508,220622,1),(508,227179,1),(508,237560,3),(508,238435,0),(508,240178,2),(508,241782,2),(508,242432,0),(508,248511,0),(508,251741,1),(508,272727,0),(508,275128,2),(508,301432,1),(508,305053,2),(508,310709,2),(508,318945,0),(508,324051,1),(508,328230,1),(508,332184,2),(508,353210,2),(508,355303,0),(508,374432,1),(508,393683,1),(508,403331,0),(508,403463,0),(508,417345,0),(508,433748,0),(508,435998,2),(508,446193,0),(508,452460,0),(508,453777,0),(508,454995,0),(508,460319,2),(508,460809,0),(508,466372,2),(508,475723,2),(508,476547,1),(508,491081,2),(508,499793,0),(508,504471,2),(508,506511,0),(508,506605,3),(508,507246,0),(508,508021,0),(508,508079,2),(508,510833,0),(508,513043,2),(508,518947,2),(508,530553,0),(508,539760,1),(508,543983,1),(508,544424,3),(508,552831,1),(508,553035,2),(508,553138,2),(508,553873,2),(508,562334,2),(508,570219,2),(508,572955,0),(508,573974,0),(508,578011,2),(508,579956,1),(508,586165,3),(508,591280,0),(508,595068,1),(508,595288,0),(508,596229,2),(508,597106,0),(508,599148,0),(508,601215,1),(508,602066,0),(508,607230,2),(508,608516,0),(508,608748,0),(508,617594,2),(508,625878,2),(508,626036,0),(508,626412,2),(508,627618,3),(508,630121,3),(508,630175,2),(509,22955,2),(509,26285,3),(509,38792,3),(509,55680,2),(509,60826,2),(509,98517,1),(509,107095,0),(509,119834,0),(509,133236,2),(509,177295,1),(509,199764,0),(509,205336,3),(509,205533,1),(509,206525,0),(509,215233,3),(509,220622,3),(509,227179,2),(509,238435,3),(509,240178,3),(509,241782,0),(509,242432,0),(509,243734,3),(509,248511,3),(509,251741,3),(509,268516,3),(509,275128,3),(509,284651,0),(509,295264,2),(509,301432,3),(509,305053,2),(509,310709,2),(509,318945,0),(509,324051,0),(509,328230,3),(509,329014,3),(509,332184,3),(509,353210,3),(509,355303,0),(509,357467,1),(509,374432,2),(509,393683,2),(509,398900,1),(509,403331,0),(509,403463,3),(509,414594,3),(509,417345,0),(509,418902,2),(509,421685,3),(509,433748,0),(509,435998,2),(509,450875,2),(509,453777,0),(509,454995,0),(509,456094,3),(509,475723,2),(509,476547,0),(509,491081,3),(509,492867,3),(509,499456,1),(509,499793,3),(509,503446,1),(509,504471,3),(509,506605,0),(509,507246,0),(509,507532,3),(509,508021,0),(509,508079,2),(509,510833,0),(509,513043,0),(509,515421,0),(509,518947,0),(509,521256,0),(509,534086,2),(509,539760,0),(509,543983,1),(509,551022,0),(509,553035,1),(509,553138,2),(509,554795,2),(509,562334,2),(509,564645,1),(509,570219,3),(509,570236,2),(509,572955,2),(509,573974,0),(509,574784,3),(509,576259,3),(509,577086,1),(509,578011,3),(509,580505,0),(509,581161,2),(509,586165,2),(509,586260,1),(509,591280,0),(509,595068,1),(509,595105,0),(509,595288,0),(509,596229,3),(509,597106,0),(509,598379,1),(509,599148,0),(509,600917,3),(509,601215,1),(509,605052,2),(509,607230,2),(509,608516,0),(509,616833,2),(509,617594,3),(509,618559,3),(509,621563,3),(509,625200,2),(509,625364,2),(509,625838,3),(509,626036,0),(509,626459,2),(509,627496,0),(509,627618,3),(509,630175,1),(509,630388,2),(509,630704,0),(510,10700,2),(510,26285,1),(510,38792,0),(510,84978,0),(510,107095,1),(510,117770,3),(510,133236,0),(510,182210,2),(510,199764,2),(510,205533,1),(510,206525,0),(510,210809,1),(510,216375,2),(510,220622,2),(510,227179,2),(510,238435,3),(510,240178,3),(510,241782,3),(510,242432,2),(510,243734,3),(510,248511,0),(510,251741,3),(510,268516,3),(510,275128,2),(510,284651,2),(510,295264,0),(510,301432,2),(510,310709,3),(510,318945,1),(510,322517,2),(510,324051,1),(510,328230,1),(510,329014,0),(510,332184,3),(510,353210,3),(510,355303,1),(510,356205,2),(510,374432,1),(510,393683,3),(510,398900,3),(510,403463,0),(510,414594,2),(510,417345,0),(510,421685,3),(510,433748,0),(510,435998,1),(510,446193,3),(510,450875,3),(510,453777,0),(510,454995,2),(510,456094,1),(510,456694,2),(510,460319,0),(510,475723,0),(510,476547,3),(510,491081,2),(510,499456,1),(510,499793,0),(510,504471,3),(510,507246,3),(510,507532,3),(510,508021,0),(510,508079,3),(510,510833,2),(510,515421,2),(510,518947,3),(510,521256,3),(510,530553,3),(510,539760,3),(510,543983,3),(510,544424,0),(510,552831,2),(510,553035,1),(510,553138,2),(510,554158,3),(510,554795,2),(510,558393,1),(510,562334,3),(510,564645,1),(510,570219,3),(510,570236,2),(510,572389,2),(510,572955,0),(510,573974,0),(510,574784,3),(510,576123,2),(510,577086,2),(510,578011,3),(510,580221,3),(510,581161,2),(510,586165,2),(510,586260,3),(510,590508,3),(510,591280,0),(510,596229,3),(510,597106,1),(510,599148,3),(510,600917,3),(510,602066,3),(510,608516,2),(510,608748,3),(510,617594,3),(510,618559,2),(510,620110,2),(510,621563,3),(510,625838,3),(510,626412,3),(510,627618,1),(510,629549,1),(510,630388,2),(513,26285,0),(513,38792,0),(513,55680,3),(513,82811,2),(513,117770,0),(513,133236,0),(513,170111,0),(513,177295,3),(513,190170,0),(513,199764,0),(513,205533,1),(513,206525,2),(513,210809,3),(513,216375,0),(513,220622,2),(513,227179,0),(513,238435,0),(513,240178,2),(513,241782,2),(513,242432,3),(513,248511,0),(513,251741,1),(513,268516,0),(513,275128,2),(513,284651,0),(513,295264,2),(513,301432,0),(513,310709,3),(513,318945,0),(513,322517,3),(513,324051,3),(513,328230,0),(513,329014,0),(513,332184,3),(513,353210,2),(513,355303,0),(513,356205,2),(513,357467,0),(513,374432,1),(513,403331,0),(513,403463,0),(513,414594,2),(513,417345,0),(513,418902,0),(513,421685,3),(513,433748,0),(513,435998,2),(513,446193,3),(513,450875,3),(513,453777,0),(513,454995,0),(513,456094,0),(513,456694,0),(513,460319,0),(513,460809,0),(513,475723,0),(513,476547,0),(513,491081,0),(513,495276,3),(513,499456,0),(513,499793,0),(513,504471,0),(513,506511,0),(513,506605,1),(513,507246,0),(513,507532,3),(513,508021,3),(513,508079,0),(513,510833,2),(513,513043,0),(513,515421,3),(513,518947,3),(513,521256,0),(513,530553,2),(513,539760,0),(513,543983,0),(513,544424,3),(513,553035,2),(513,553138,0),(513,553873,0),(513,554158,0),(513,554795,0),(513,562334,0),(513,570219,3),(513,570236,0),(513,572955,0),(513,573974,0),(513,574784,2),(513,578011,0),(513,579956,0),(513,580221,0),(513,580505,0),(513,581161,2),(513,586165,2),(513,591280,0),(513,596229,0),(513,597106,0),(513,598518,0),(513,599148,0),(513,602066,0),(513,605052,0),(513,607230,0),(513,608516,0),(513,616833,0),(513,617594,0),(513,621563,0),(513,625838,3),(513,626036,0),(513,626459,3),(513,627487,3),(513,627496,0),(513,630121,0),(513,630704,2),(514,10700,1),(514,13997,2),(514,26285,2),(514,55680,3),(514,129017,2),(514,133236,0),(514,161101,1),(514,170111,0),(514,173915,2),(514,190170,0),(514,199764,2),(514,205336,0),(514,205533,1),(514,206525,2),(514,210809,0),(514,216375,2),(514,227179,0),(514,237560,0),(514,238435,0),(514,240178,2),(514,242432,0),(514,243734,0),(514,248511,0),(514,251741,0),(514,252621,2),(514,268516,0),(514,272727,2),(514,275128,0),(514,284651,2),(514,295264,2),(514,301432,1),(514,305053,0),(514,310709,3),(514,318945,2),(514,322517,2),(514,324051,0),(514,328230,0),(514,332184,2),(514,353210,1),(514,355303,3),(514,374432,0),(514,393683,3),(514,403463,0),(514,414594,2),(514,417345,0),(514,421685,1),(514,433748,0),(514,435998,2),(514,446193,0),(514,450875,1),(514,454995,0),(514,456094,2),(514,456694,2),(514,460809,0),(514,476547,0),(514,491081,2),(514,499793,0),(514,503446,2),(514,504471,0),(514,506605,0),(514,507246,0),(514,507532,2),(514,508021,0),(514,508079,2),(514,510833,0),(514,518947,2),(514,521256,3),(514,521968,3),(514,530553,0),(514,539760,0),(514,543983,0),(514,551022,2),(514,552831,3),(514,553035,0),(514,553138,2),(514,553873,3),(514,554795,0),(514,562203,1),(514,562334,2),(514,564645,1),(514,570219,1),(514,570236,2),(514,572389,0),(514,573974,0),(514,574784,0),(514,578011,0),(514,580221,1),(514,586165,3),(514,590508,0),(514,591280,0),(514,595068,2),(514,595288,2),(514,596229,3),(514,597106,0),(514,598379,1),(514,599148,0),(514,601215,1),(514,602066,0),(514,605052,0),(514,608516,2),(514,608748,2),(514,611509,2),(514,617594,1),(514,618559,0),(514,621563,1),(514,624877,1),(514,625838,3),(514,626459,3),(514,627618,1),(514,629549,0),(514,630175,2),(514,630388,2),(515,26285,0),(515,35219,0),(515,38792,0),(515,55680,2),(515,133236,0),(515,170111,0),(515,173915,2),(515,190170,0),(515,191538,0),(515,199764,0),(515,205336,0),(515,205533,1),(515,206525,0),(515,210809,0),(515,215233,1),(515,216375,0),(515,220622,1),(515,227179,1),(515,237560,1),(515,238435,0),(515,240178,2),(515,241782,2),(515,242432,0),(515,243734,0),(515,248511,0),(515,251741,0),(515,252621,2),(515,275128,0),(515,284651,0),(515,295264,0),(515,305053,2),(515,318945,0),(515,322517,2),(515,324051,0),(515,328230,0),(515,329014,2),(515,332184,2),(515,353210,0),(515,355303,0),(515,356205,1),(515,374432,0),(515,393683,1),(515,398900,0),(515,403463,0),(515,417345,0),(515,433748,0),(515,435998,0),(515,446193,0),(515,450875,1),(515,454995,0),(515,460809,0),(515,476547,1),(515,491081,0),(515,499456,2),(515,499793,0),(515,506511,0),(515,506605,2),(515,507246,0),(515,508021,0),(515,508079,0),(515,510833,0),(515,515421,0),(515,518947,2),(515,530553,0),(515,534086,0),(515,539760,0),(515,543983,0),(515,544424,2),(515,553035,1),(515,553138,2),(515,554158,2),(515,554795,2),(515,558393,0),(515,562203,1),(515,562334,2),(515,570219,0),(515,572955,0),(515,573974,0),(515,574784,0),(515,578011,1),(515,579956,1),(515,580221,2),(515,580505,0),(515,581161,0),(515,586165,3),(515,595068,0),(515,597106,0),(515,599148,0),(515,599952,1),(515,601215,2),(515,602066,0),(515,608516,3),(515,611509,2),(515,617594,2),(515,621563,1),(515,625200,0),(515,625838,2),(515,626036,0),(515,626459,3),(515,630121,3),(515,630388,0),(519,22955,0),(519,26285,0),(519,38792,0),(519,92932,1),(519,127291,3),(519,129017,0),(519,133236,0),(519,173915,2),(519,191538,0),(519,199764,2),(519,203696,2),(519,205336,2),(519,205533,1),(519,206525,0),(519,210809,2),(519,216375,1),(519,220622,1),(519,227179,0),(519,237560,0),(519,238435,0),(519,240178,2),(519,242432,0),(519,248511,0),(519,251741,0),(519,275128,0),(519,284651,0),(519,295264,2),(519,310709,2),(519,318945,0),(519,322517,2),(519,324051,0),(519,328230,1),(519,329014,0),(519,332184,2),(519,353210,0),(519,355303,2),(519,356205,0),(519,357467,0),(519,374432,0),(519,393683,2),(519,403331,0),(519,403463,0),(519,417345,0),(519,433748,0),(519,435998,0),(519,446193,0),(519,453777,0),(519,454995,0),(519,460809,0),(519,476547,0),(519,491081,3),(519,495276,3),(519,499793,0),(519,503446,2),(519,504471,1),(519,506511,0),(519,507246,0),(519,508021,0),(519,508079,2),(519,510833,0),(519,515421,0),(519,518947,0),(519,521256,2),(519,521952,0),(519,530553,0),(519,539760,2),(519,543983,0),(519,544424,3),(519,553035,2),(519,553138,2),(519,553873,3),(519,554795,0),(519,562334,2),(519,564645,1),(519,570219,2),(519,570236,2),(519,572389,2),(519,573974,0),(519,574784,0),(519,577086,0),(519,578011,0),(519,580221,1),(519,586165,2),(519,590508,0),(519,591280,0),(519,596229,2),(519,597106,0),(519,599148,0),(519,602066,0),(519,608516,2),(519,609043,2),(519,617594,2),(519,618559,0),(519,621563,0),(519,625200,0),(519,625838,2),(519,626036,0),(519,626459,2),(519,627496,0),(519,630121,3),(519,630388,0),(521,26285,0),(521,35219,0),(521,38792,0),(521,92932,0),(521,98517,0),(521,107095,0),(521,109109,2),(521,117770,0),(521,129017,0),(521,133236,0),(521,173915,2),(521,190170,0),(521,191538,0),(521,199764,0),(521,203696,0),(521,205336,2),(521,205533,1),(521,206525,0),(521,210809,1),(521,216375,1),(521,220622,1),(521,237560,0),(521,238435,0),(521,240178,2),(521,241782,2),(521,242432,0),(521,243734,0),(521,248511,0),(521,251741,0),(521,252621,2),(521,268516,0),(521,275128,0),(521,284651,3),(521,301432,1),(521,310709,0),(521,318945,0),(521,324051,1),(521,328230,0),(521,332184,0),(521,353210,0),(521,355303,0),(521,356205,0),(521,374432,0),(521,393683,1),(521,398900,0),(521,403331,2),(521,403463,0),(521,417345,0),(521,418902,2),(521,421685,2),(521,433748,0),(521,435998,2),(521,446193,0),(521,450875,1),(521,454995,0),(521,456094,0),(521,456694,0),(521,460319,0),(521,460809,0),(521,476547,2),(521,499793,0),(521,503446,1),(521,504471,0),(521,506511,0),(521,506605,2),(521,507246,0),(521,507532,2),(521,508021,0),(521,508079,0),(521,510833,2),(521,515421,0),(521,518947,0),(521,521256,0),(521,530553,0),(521,538142,0),(521,539760,0),(521,543983,0),(521,551022,1),(521,553035,1),(521,553138,3),(521,554795,2),(521,558393,0),(521,562334,2),(521,564645,3),(521,570219,0),(521,570236,2),(521,573974,0),(521,577086,0),(521,578011,2),(521,580221,1),(521,580505,0),(521,581161,0),(521,586165,3),(521,590508,0),(521,591280,1),(521,595068,2),(521,595105,0),(521,596229,2),(521,597571,2),(521,598379,2),(521,598518,3),(521,599148,0),(521,602066,0),(521,605052,0),(521,608516,2),(521,616833,0),(521,617594,0),(521,618559,1),(521,621563,0),(521,625838,3),(521,626459,0),(521,627496,1),(521,627618,2),(521,629549,2),(521,630388,0),(523,26285,2),(523,35219,2),(523,38792,0),(523,82811,2),(523,109109,3),(523,129017,2),(523,133236,0),(523,173915,0),(523,195052,0),(523,199764,2),(523,203696,0),(523,205336,2),(523,205533,0),(523,216375,0),(523,220622,2),(523,227179,2),(523,238435,2),(523,240178,2),(523,243734,3),(523,248511,0),(523,251741,0),(523,268516,0),(523,275128,0),(523,284651,0),(523,301432,0),(523,305053,3),(523,310709,3),(523,318945,0),(523,324051,0),(523,328230,0),(523,332184,2),(523,353210,3),(523,355303,2),(523,356205,3),(523,357467,0),(523,374432,0),(523,393683,2),(523,403463,0),(523,414594,1),(523,417345,0),(523,418902,0),(523,421685,1),(523,433748,0),(523,435998,3),(523,446193,3),(523,450875,0),(523,453777,3),(523,454995,0),(523,456094,0),(523,456694,1),(523,460319,0),(523,460809,0),(523,475723,2),(523,476547,3),(523,491081,2),(523,495276,2),(523,499456,1),(523,499793,0),(523,503446,3),(523,504471,3),(523,506511,3),(523,506605,2),(523,507246,0),(523,508021,0),(523,508079,2),(523,510833,1),(523,513043,0),(523,518947,0),(523,521256,3),(523,530553,0),(523,539760,2),(523,543983,0),(523,551022,0),(523,553035,2),(523,553138,3),(523,554795,2),(523,558393,1),(523,562334,0),(523,564645,2),(523,570219,0),(523,570236,0),(523,572389,0),(523,572955,3),(523,573974,0),(523,574784,1),(523,577086,1),(523,578011,0),(523,580221,2),(523,586165,3),(523,591280,0),(523,595068,0),(523,595105,0),(523,597106,3),(523,597571,0),(523,599148,0),(523,617594,2),(523,618559,3),(523,620110,2),(523,625838,3),(523,626459,0),(523,627496,0),(523,627618,1),(523,630388,0),(523,630704,0),(524,10700,2),(524,26285,0),(524,38792,3),(524,92932,1),(524,107095,0),(524,109109,0),(524,133236,0),(524,136756,0),(524,170111,2),(524,182210,2),(524,191538,3),(524,199764,2),(524,205336,3),(524,205533,1),(524,206525,0),(524,210809,2),(524,215233,3),(524,216375,2),(524,220622,3),(524,227179,2),(524,240178,3),(524,241782,0),(524,242432,0),(524,243734,1),(524,248511,3),(524,251741,0),(524,275128,3),(524,284651,0),(524,295264,3),(524,301432,2),(524,310709,3),(524,318945,0),(524,322517,2),(524,324051,2),(524,328230,2),(524,329014,0),(524,353210,3),(524,355303,2),(524,356205,3),(524,357467,2),(524,393683,2),(524,403463,0),(524,414594,3),(524,417345,0),(524,433748,0),(524,435998,2),(524,453777,0),(524,454995,0),(524,456094,2),(524,456694,2),(524,460319,0),(524,460809,0),(524,475723,0),(524,476547,1),(524,491081,3),(524,499793,0),(524,504471,3),(524,506445,3),(524,506605,2),(524,507246,0),(524,508021,0),(524,508079,3),(524,510833,0),(524,513043,0),(524,515421,2),(524,518947,0),(524,521256,3),(524,530553,0),(524,534086,2),(524,539760,0),(524,543983,2),(524,551022,0),(524,553035,1),(524,553138,2),(524,554795,2),(524,562334,3),(524,570219,3),(524,570236,2),(524,572955,2),(524,573974,1),(524,574784,2),(524,577086,0),(524,578011,0),(524,580221,1),(524,581161,2),(524,586165,2),(524,586260,0),(524,595068,1),(524,595105,0),(524,596229,3),(524,597106,2),(524,599148,0),(524,600917,3),(524,602066,1),(524,608516,0),(524,610628,1),(524,611509,2),(524,617594,2),(524,621563,2),(524,624877,0),(524,625200,2),(524,625838,3),(524,626036,3),(524,626459,3),(524,630175,1),(525,10700,2),(525,22955,0),(525,26285,2),(525,38792,3),(525,82811,0),(525,133236,0),(525,173915,2),(525,190170,0),(525,191538,0),(525,195052,1),(525,199764,2),(525,205533,1),(525,206525,0),(525,216375,1),(525,220622,1),(525,227179,1),(525,237560,0),(525,238435,0),(525,240178,2),(525,242432,0),(525,248511,0),(525,251741,1),(525,252621,2),(525,284651,2),(525,305053,3),(525,318945,0),(525,322517,2),(525,324051,0),(525,328230,0),(525,332184,2),(525,353210,0),(525,355303,2),(525,357467,0),(525,374432,0),(525,393683,2),(525,398900,0),(525,403463,0),(525,417345,0),(525,418902,3),(525,433748,0),(525,435998,0),(525,450875,1),(525,453777,0),(525,454995,0),(525,456694,0),(525,460809,0),(525,476547,2),(525,491081,2),(525,499793,0),(525,506511,0),(525,506605,2),(525,507246,0),(525,507532,3),(525,508021,0),(525,508079,2),(525,510833,0),(525,513043,2),(525,515421,0),(525,518947,2),(525,521256,0),(525,530553,2),(525,539760,0),(525,543983,0),(525,544424,3),(525,553138,2),(525,553873,2),(525,554795,2),(525,562334,2),(525,570219,3),(525,572955,0),(525,573974,0),(525,577086,0),(525,578011,0),(525,580221,2),(525,580505,0),(525,581161,1),(525,586165,3),(525,591280,0),(525,595068,1),(525,596229,2),(525,597571,2),(525,598379,2),(525,599148,0),(525,601215,1),(525,602066,0),(525,605052,1),(525,608516,1),(525,617594,3),(525,625838,2),(525,626036,0),(525,626459,3),(525,627496,0),(525,630121,3),(526,38792,0),(526,55680,3),(526,82811,2),(526,84978,0),(526,117770,3),(526,120120,2),(526,133236,2),(526,136756,1),(526,182210,3),(526,195052,2),(526,199764,2),(526,203696,2),(526,205336,2),(526,205533,1),(526,206525,1),(526,216375,3),(526,220622,2),(526,227179,2),(526,238435,3),(526,240178,3),(526,241782,3),(526,242432,3),(526,243734,3),(526,248511,2),(526,251741,3),(526,252621,2),(526,268516,3),(526,275128,2),(526,284651,2),(526,295264,0),(526,301432,2),(526,310709,3),(526,318945,0),(526,322517,2),(526,324051,1),(526,328230,2),(526,329014,0),(526,332184,3),(526,353210,3),(526,355303,2),(526,356205,2),(526,357467,2),(526,393683,3),(526,403463,0),(526,404964,1),(526,414594,3),(526,417345,0),(526,421685,3),(526,433748,0),(526,435998,2),(526,446193,3),(526,450875,2),(526,453777,0),(526,454995,0),(526,456094,1),(526,456694,2),(526,460319,3),(526,460809,0),(526,475723,0),(526,476547,1),(526,491081,2),(526,499456,1),(526,499793,0),(526,504471,3),(526,506605,3),(526,507246,1),(526,508021,0),(526,508079,3),(526,513043,2),(526,515421,3),(526,518947,3),(526,521256,2),(526,530553,3),(526,534086,3),(526,539760,3),(526,543983,3),(526,553035,1),(526,553138,1),(526,554158,3),(526,554795,2),(526,558393,1),(526,562334,3),(526,570219,3),(526,570236,2),(526,572389,1),(526,572955,0),(526,573974,0),(526,574784,2),(526,576123,2),(526,577086,3),(526,578011,3),(526,580221,3),(526,581161,2),(526,586165,3),(526,586260,3),(526,590508,2),(526,591280,1),(526,595068,1),(526,595105,3),(526,596229,3),(526,597106,1),(526,598379,3),(526,599148,0),(526,602066,3),(526,608516,2),(526,608748,2),(526,617594,3),(526,618559,0),(526,620110,2),(526,621563,3),(526,623106,2),(526,625838,3),(526,626036,0),(526,626412,2),(526,627496,0),(526,627618,1),(526,630121,2),(526,630388,2),(527,133236,0),(527,170111,0),(527,173915,2),(527,186780,3),(527,199764,0),(527,205336,3),(527,205533,1),(527,206525,0),(527,210809,2),(527,216375,1),(527,220622,2),(527,227179,0),(527,237560,3),(527,238435,2),(527,240178,2),(527,241782,3),(527,242432,3),(527,243734,0),(527,248511,0),(527,251741,3),(527,268516,0),(527,275128,2),(527,284651,0),(527,295264,2),(527,301432,2),(527,310709,3),(527,318945,0),(527,322517,2),(527,324051,0),(527,328230,0),(527,329014,0),(527,332184,3),(527,353210,3),(527,355303,2),(527,356205,2),(527,357467,0),(527,374432,1),(527,393683,2),(527,398900,3),(527,403331,0),(527,414594,2),(527,417345,0),(527,418902,0),(527,421685,3),(527,433748,0),(527,435998,2),(527,446193,3),(527,450875,2),(527,453777,0),(527,454995,0),(527,456694,3),(527,460319,0),(527,460809,0),(527,475723,0),(527,491081,0),(527,499793,0),(527,503446,2),(527,506511,0),(527,506605,3),(527,507246,0),(527,507532,3),(527,508021,3),(527,508079,3),(527,510833,0),(527,515421,3),(527,518947,3),(527,521968,2),(527,530553,3),(527,539760,2),(527,543983,2),(527,553035,1),(527,553138,1),(527,554795,3),(527,558393,1),(527,562334,2),(527,564645,1),(527,570219,2),(527,572389,2),(527,572955,0),(527,573974,0),(527,577086,1),(527,578011,3),(527,580221,0),(527,580505,0),(527,581161,2),(527,586165,3),(527,586260,2),(527,590508,0),(527,595068,3),(527,595105,3),(527,596229,1),(527,597106,0),(527,599148,0),(527,602066,3),(527,605052,0),(527,608516,0),(527,617594,2),(527,621563,1),(527,625838,2),(527,626459,3),(527,627487,3),(527,627496,2),(527,627618,1),(527,629549,1),(527,630388,2),(527,630704,2),(529,10700,3),(529,22955,1),(529,26285,2),(529,38792,3),(529,55680,0),(529,84978,2),(529,98517,0),(529,109109,0),(529,119834,1),(529,129017,0),(529,133236,2),(529,136756,3),(529,173915,2),(529,190170,0),(529,195052,0),(529,199764,2),(529,203696,2),(529,205336,3),(529,205533,1),(529,206525,0),(529,216375,2),(529,220622,2),(529,227179,2),(529,238435,2),(529,240178,2),(529,241782,0),(529,242432,0),(529,243734,0),(529,248511,3),(529,251741,0),(529,284651,3),(529,295264,2),(529,301432,2),(529,310709,3),(529,318945,0),(529,322517,2),(529,324051,2),(529,328230,2),(529,329014,0),(529,353210,0),(529,355303,2),(529,356205,2),(529,357467,3),(529,393683,2),(529,403331,0),(529,403463,0),(529,414594,2),(529,417345,2),(529,421685,3),(529,433748,0),(529,435998,0),(529,453777,0),(529,454995,0),(529,456094,3),(529,456694,2),(529,460319,0),(529,460809,0),(529,476547,2),(529,491081,2),(529,499793,0),(529,503446,2),(529,506511,0),(529,507246,0),(529,507532,3),(529,508021,0),(529,508079,3),(529,513043,0),(529,515421,0),(529,518947,0),(529,521256,3),(529,530553,0),(529,539760,0),(529,543983,0),(529,544424,3),(529,551022,0),(529,553035,1),(529,553138,1),(529,554158,2),(529,554795,3),(529,562334,2),(529,570219,3),(529,570236,2),(529,572389,0),(529,572955,2),(529,573974,0),(529,574784,2),(529,576123,3),(529,577086,0),(529,578011,1),(529,581161,2),(529,586165,3),(529,586260,1),(529,595068,1),(529,595105,0),(529,596229,3),(529,597106,2),(529,599148,0),(529,601215,2),(529,602066,0),(529,608516,0),(529,608748,2),(529,609043,0),(529,617594,2),(529,618559,2),(529,621563,0),(529,625838,3),(529,626036,3),(529,626459,0),(529,627496,0),(529,630175,1),(529,630704,0),(541,10700,2),(541,26285,3),(541,35219,2),(541,60826,2),(541,117770,3),(541,133236,0),(541,170111,2),(541,199764,2),(541,205336,3),(541,205533,1),(541,206525,0),(541,215233,0),(541,220622,1),(541,227179,0),(541,238435,2),(541,240178,3),(541,241782,2),(541,242432,3),(541,243734,1),(541,248511,0),(541,251741,1),(541,275128,3),(541,284651,3),(541,310709,3),(541,318945,2),(541,322517,2),(541,324051,0),(541,328230,0),(541,329014,3),(541,332184,3),(541,353210,3),(541,355303,2),(541,356205,2),(541,357467,0),(541,374432,0),(541,393683,3),(541,403463,0),(541,414594,2),(541,417345,2),(541,418902,3),(541,421685,3),(541,433748,2),(541,435998,3),(541,446193,2),(541,450875,1),(541,452460,0),(541,453777,0),(541,454995,2),(541,456094,2),(541,456694,3),(541,460319,0),(541,460809,0),(541,475723,0),(541,476547,3),(541,491081,2),(541,499793,0),(541,503446,1),(541,504471,3),(541,506511,0),(541,506605,3),(541,507246,3),(541,507532,3),(541,508021,1),(541,508079,2),(541,513043,2),(541,515421,2),(541,518947,3),(541,521256,2),(541,530553,2),(541,539760,3),(541,544424,2),(541,553035,2),(541,553138,2),(541,554795,3),(541,570219,3),(541,570236,2),(541,572955,0),(541,573974,0),(541,574784,3),(541,576123,2),(541,576259,2),(541,577086,2),(541,578011,2),(541,580221,2),(541,581161,1),(541,586165,3),(541,586260,2),(541,591280,1),(541,595068,2),(541,595288,3),(541,596229,2),(541,597571,0),(541,599148,3),(541,600917,3),(541,602066,0),(541,605052,2),(541,608516,2),(541,608748,3),(541,616833,2),(541,617594,2),(541,618559,2),(541,621563,3),(541,625200,0),(541,625838,2),(541,627496,3),(541,627618,1),(543,26285,2),(543,38792,2),(543,133236,0),(543,170111,2),(543,173915,0),(543,186780,3),(543,199764,2),(543,205533,1),(543,206525,0),(543,210809,3),(543,220622,3),(543,227179,0),(543,237560,3),(543,238435,2),(543,240178,2),(543,241782,2),(543,242432,3),(543,243734,0),(543,248511,0),(543,251741,1),(543,268516,0),(543,275128,2),(543,284651,0),(543,295264,2),(543,301432,2),(543,310709,3),(543,322517,3),(543,324051,2),(543,328230,0),(543,329014,2),(543,332184,3),(543,353210,3),(543,355303,1),(543,356205,2),(543,357467,0),(543,393683,3),(543,398900,3),(543,403463,0),(543,414594,2),(543,417345,0),(543,418902,0),(543,421685,3),(543,433748,0),(543,435998,2),(543,446193,3),(543,450875,3),(543,453777,0),(543,454995,2),(543,460319,0),(543,460809,0),(543,475723,0),(543,476547,2),(543,491081,0),(543,499793,1),(543,503446,3),(543,506511,3),(543,506605,3),(543,507532,3),(543,508021,3),(543,508079,2),(543,510833,3),(543,515421,2),(543,518947,3),(543,521256,2),(543,530553,3),(543,539760,1),(543,544424,1),(543,553035,2),(543,553138,0),(543,553873,2),(543,554795,0),(543,562334,3),(543,570219,3),(543,572389,1),(543,572955,0),(543,573974,0),(543,574784,2),(543,577086,2),(543,578011,3),(543,580505,0),(543,581161,2),(543,586165,2),(543,590508,0),(543,591280,0),(543,595068,3),(543,596229,0),(543,597106,0),(543,598379,3),(543,599148,3),(543,600917,3),(543,601215,1),(543,602066,0),(543,605052,0),(543,608516,0),(543,608748,3),(543,609043,2),(543,611509,2),(543,616833,0),(543,617594,3),(543,621563,0),(543,624877,2),(543,626036,0),(543,626459,3),(543,627496,2),(543,630175,0),(543,630388,3),(544,26285,2),(544,35219,3),(544,38792,0),(544,82811,2),(544,117770,3),(544,133236,0),(544,170111,3),(544,173915,2),(544,199764,2),(544,203696,0),(544,205533,1),(544,206525,2),(544,210809,2),(544,216375,1),(544,220622,3),(544,227179,0),(544,238435,0),(544,240178,2),(544,241782,3),(544,242432,3),(544,248511,0),(544,251741,1),(544,275128,3),(544,284651,0),(544,295264,0),(544,301432,2),(544,305053,0),(544,310709,2),(544,322517,2),(544,324051,0),(544,328230,0),(544,329014,1),(544,332184,3),(544,353210,3),(544,355303,0),(544,356205,3),(544,357467,0),(544,393683,3),(544,398900,3),(544,403463,3),(544,414594,2),(544,417345,0),(544,418902,0),(544,421685,3),(544,433748,0),(544,435998,0),(544,446193,3),(544,450875,3),(544,453777,0),(544,454995,2),(544,456094,2),(544,456694,2),(544,460319,0),(544,460809,0),(544,475723,0),(544,476547,1),(544,491081,0),(544,492867,2),(544,495276,3),(544,499793,1),(544,506511,3),(544,506605,3),(544,507246,2),(544,507532,3),(544,508021,3),(544,508079,3),(544,510833,3),(544,513043,3),(544,515421,2),(544,518947,2),(544,521256,2),(544,530553,2),(544,539760,2),(544,553035,1),(544,553138,1),(544,554795,3),(544,570219,3),(544,572389,0),(544,572955,0),(544,573974,0),(544,574784,2),(544,577086,2),(544,578011,3),(544,580505,0),(544,581161,2),(544,586165,3),(544,591280,0),(544,596229,0),(544,597106,0),(544,598518,0),(544,605052,0),(544,608516,0),(544,609043,2),(544,610628,1),(544,617594,2),(544,620110,2),(544,621563,3),(544,625200,0),(544,626036,0),(544,626412,2),(544,627496,3),(544,627618,1),(544,630121,0),(544,630175,3),(560,22955,1),(560,26285,1),(560,98517,0),(560,109109,0),(560,115140,1),(560,119834,1),(560,120120,0),(560,129017,0),(560,133236,2),(560,170111,2),(560,173915,1),(560,186780,2),(560,190170,0),(560,199764,2),(560,203696,1),(560,205336,2),(560,205533,1),(560,206525,0),(560,220622,2),(560,233870,1),(560,240178,2),(560,241782,2),(560,242432,0),(560,248511,0),(560,251741,0),(560,284651,2),(560,301432,2),(560,310709,2),(560,318945,0),(560,324051,0),(560,328230,2),(560,329014,0),(560,332184,2),(560,353210,1),(560,355303,1),(560,357467,3),(560,393683,2),(560,403331,0),(560,403463,0),(560,414594,2),(560,417345,0),(560,421685,1),(560,433748,0),(560,435998,0),(560,446193,0),(560,453777,0),(560,454995,0),(560,456094,0),(560,460319,3),(560,475723,0),(560,491081,2),(560,499793,0),(560,504471,3),(560,506511,0),(560,506605,2),(560,507246,0),(560,508021,0),(560,508079,2),(560,510833,0),(560,513043,0),(560,518947,2),(560,530553,0),(560,539760,0),(560,543983,0),(560,553035,1),(560,553138,2),(560,562334,2),(560,564645,3),(560,570219,3),(560,570236,2),(560,572389,0),(560,573974,0),(560,577086,0),(560,578011,1),(560,586165,3),(560,591280,0),(560,597106,0),(560,597571,3),(560,599148,0),(560,600917,3),(560,602066,0),(560,608516,0),(560,608748,2),(560,617594,2),(560,620110,1),(560,621563,1),(560,625200,2),(560,625838,2),(560,625878,3),(560,626459,2),(560,627496,0),(560,627618,1),(560,630175,2),(563,10700,3),(563,22955,1),(563,35219,3),(563,38792,3),(563,55680,0),(563,98517,0),(563,129017,0),(563,133236,2),(563,136756,3),(563,177295,1),(563,205336,3),(563,205533,0),(563,206525,0),(563,216375,3),(563,220622,2),(563,227179,3),(563,238435,2),(563,240178,2),(563,242432,2),(563,248511,2),(563,251741,0),(563,252621,2),(563,284651,0),(563,295264,3),(563,301432,0),(563,305053,2),(563,310709,3),(563,318945,0),(563,324051,0),(563,328230,2),(563,329014,2),(563,332184,2),(563,353210,1),(563,355303,2),(563,356205,1),(563,357467,2),(563,393683,2),(563,403463,0),(563,417345,3),(563,433748,0),(563,435998,0),(563,446193,0),(563,453777,0),(563,454995,0),(563,456094,3),(563,460319,0),(563,475723,2),(563,491081,2),(563,499793,0),(563,504471,2),(563,506605,2),(563,507246,0),(563,508021,0),(563,508079,2),(563,510833,0),(563,513043,0),(563,515421,3),(563,518947,0),(563,521256,0),(563,530553,0),(563,539760,2),(563,543983,0),(563,551022,0),(563,553035,1),(563,553138,3),(563,554795,3),(563,562334,2),(563,570219,2),(563,570236,2),(563,572389,0),(563,572955,2),(563,573974,1),(563,574784,3),(563,577086,0),(563,578011,2),(563,581161,3),(563,586165,3),(563,590508,0),(563,591280,0),(563,595068,1),(563,596229,3),(563,597106,0),(563,599148,0),(563,599952,1),(563,600917,3),(563,602066,0),(563,608516,2),(563,611509,2),(563,617594,2),(563,620110,3),(563,625200,3),(563,625838,2),(563,627496,0),(563,627618,1),(563,630121,2),(563,630704,0),(566,13997,2),(566,26285,0),(566,38792,0),(566,55680,3),(566,82811,1),(566,92932,0),(566,98517,2),(566,115140,1),(566,117770,0),(566,119834,2),(566,129017,2),(566,133236,2),(566,170111,0),(566,173915,0),(566,177295,2),(566,186780,3),(566,190170,0),(566,191538,0),(566,195052,2),(566,199764,2),(566,205336,0),(566,205533,1),(566,206525,3),(566,215233,0),(566,216375,1),(566,220622,2),(566,227179,0),(566,237560,3),(566,238435,0),(566,240178,0),(566,241782,2),(566,242432,1),(566,243734,0),(566,248511,0),(566,251741,3),(566,268516,0),(566,272727,0),(566,275128,0),(566,284651,0),(566,301432,0),(566,305053,0),(566,310709,2),(566,318945,2),(566,322517,3),(566,324051,2),(566,328230,0),(566,329014,0),(566,332184,3),(566,353210,0),(566,355303,0),(566,356205,0),(566,357467,0),(566,374432,0),(566,393683,2),(566,398900,0),(566,403463,0),(566,414594,2),(566,417345,0),(566,418902,0),(566,421685,0),(566,433748,0),(566,435998,2),(566,446193,3),(566,450875,0),(566,452460,0),(566,454995,2),(566,456694,0),(566,460319,0),(566,460809,0),(566,476547,0),(566,491081,2),(566,499456,0),(566,499793,3),(566,503446,2),(566,504471,0),(566,506605,3),(566,507246,2),(566,507532,3),(566,508021,0),(566,508079,0),(566,510833,0),(566,513043,0),(566,515421,2),(566,518947,2),(566,521256,0),(566,530553,0),(566,539760,0),(566,553035,0),(566,553138,0),(566,553873,2),(566,554795,0),(566,562334,0),(566,570219,2),(566,572389,1),(566,572955,0),(566,573974,0),(566,576123,0),(566,576259,2),(566,577086,1),(566,578011,2),(566,580221,0),(566,580505,0),(566,581161,2),(566,586165,3),(566,586260,1),(566,590508,0),(566,591280,0),(566,595068,2),(566,595288,1),(566,596229,0),(566,597106,0),(566,597571,2),(566,598518,0),(566,599148,0),(566,599952,1),(566,601215,0),(566,601931,0),(566,602066,0),(566,605052,0),(566,608516,0),(566,608748,2),(566,617594,2),(566,618559,0),(566,621563,0),(566,625838,1),(566,626036,0),(566,626459,3),(566,627496,1),(566,630121,0),(566,630388,0),(566,630704,1),(567,26285,0),(567,38792,0),(567,55680,2),(567,82811,1),(567,92932,1),(567,129017,2),(567,133236,2),(567,161101,0),(567,170111,0),(567,173915,0),(567,177295,2),(567,186780,0),(567,190170,0),(567,191538,0),(567,205336,0),(567,205533,1),(567,206525,0),(567,210809,0),(567,216375,0),(567,220622,0),(567,227179,0),(567,237560,3),(567,238435,0),(567,240178,1),(567,242432,0),(567,243734,0),(567,248511,0),(567,251741,1),(567,275128,0),(567,284651,0),(567,305053,0),(567,310709,1),(567,318945,0),(567,324051,0),(567,328230,0),(567,329014,0),(567,332184,3),(567,353210,2),(567,355303,0),(567,356205,0),(567,374432,0),(567,403331,2),(567,403463,0),(567,414594,2),(567,417345,0),(567,418902,0),(567,433748,0),(567,435998,2),(567,446193,3),(567,450875,0),(567,454995,1),(567,456094,2),(567,460319,0),(567,460809,0),(567,466372,2),(567,476547,0),(567,495276,3),(567,499793,0),(567,504471,0),(567,506511,0),(567,506605,0),(567,507246,0),(567,507532,3),(567,508021,0),(567,508079,1),(567,510833,0),(567,513043,2),(567,515421,0),(567,518947,2),(567,530553,0),(567,539760,1),(567,543983,1),(567,553035,0),(567,553138,0),(567,553873,3),(567,554795,0),(567,558393,1),(567,562203,1),(567,562334,2),(567,570219,1),(567,573974,0),(567,574784,0),(567,576123,0),(567,576259,0),(567,577086,1),(567,578011,0),(567,580221,1),(567,581161,2),(567,586165,2),(567,590508,0),(567,591280,0),(567,595068,1),(567,595288,0),(567,597106,0),(567,597571,2),(567,598379,2),(567,599148,0),(567,601215,0),(567,602066,0),(567,605052,0),(567,607230,2),(567,608516,2),(567,609043,0),(567,611509,2),(567,616833,1),(567,617594,1),(567,618559,0),(567,620110,1),(567,621563,3),(567,625200,0),(567,625838,0),(567,626036,0),(567,626050,0),(567,626459,0),(567,627496,2),(567,627618,0),(567,629549,1),(567,630175,0),(567,630388,0),(568,26285,0),(568,55680,3),(568,82811,1),(568,98517,1),(568,119834,2),(568,127291,3),(568,129017,2),(568,133236,0),(568,161101,0),(568,170111,0),(568,173915,0),(568,177295,2),(568,186780,0),(568,190170,0),(568,191538,0),(568,205336,0),(568,205533,1),(568,206525,0),(568,210809,0),(568,216375,0),(568,220622,0),(568,227179,0),(568,238435,0),(568,240178,0),(568,242432,0),(568,243734,0),(568,248511,0),(568,251741,1),(568,268516,0),(568,275128,0),(568,284651,0),(568,295264,3),(568,301432,1),(568,305053,0),(568,310709,1),(568,318945,0),(568,324051,0),(568,328230,0),(568,329014,0),(568,332184,3),(568,353210,2),(568,355303,2),(568,356205,0),(568,357467,0),(568,374432,0),(568,403331,2),(568,403463,0),(568,417345,0),(568,418902,0),(568,433748,0),(568,435998,2),(568,446193,3),(568,450875,0),(568,452460,0),(568,454995,1),(568,460319,0),(568,460809,0),(568,466372,2),(568,476547,0),(568,491081,2),(568,495276,3),(568,499456,1),(568,499793,0),(568,504471,0),(568,506511,0),(568,506605,0),(568,507246,0),(568,507532,3),(568,508021,0),(568,508079,1),(568,510833,0),(568,513043,2),(568,515421,2),(568,518947,2),(568,530553,0),(568,539760,2),(568,543983,0),(568,551022,2),(568,553035,0),(568,553138,1),(568,553873,2),(568,554795,0),(568,558393,1),(568,562203,1),(568,562334,2),(568,564645,1),(568,570219,1),(568,572389,0),(568,572955,0),(568,573974,0),(568,574784,0),(568,576123,2),(568,577086,1),(568,578011,0),(568,580221,1),(568,580505,0),(568,586165,3),(568,586260,2),(568,590508,0),(568,591280,0),(568,595288,0),(568,596229,2),(568,597106,0),(568,599148,0),(568,601215,0),(568,602066,0),(568,605052,0),(568,608516,2),(568,611509,2),(568,617594,1),(568,618559,0),(568,620110,1),(568,621563,3),(568,623106,2),(568,624877,1),(568,625838,0),(568,626036,0),(568,627496,2),(568,630175,0),(568,630388,0),(568,630704,0),(569,26285,0),(569,38792,0),(569,82811,1),(569,84978,0),(569,92932,2),(569,107095,3),(569,115140,0),(569,117770,0),(569,119834,1),(569,120120,0),(569,129017,2),(569,133236,2),(569,161101,0),(569,170111,0),(569,173915,2),(569,182210,0),(569,186780,1),(569,190170,0),(569,191538,0),(569,199764,0),(569,205336,0),(569,205533,1),(569,206525,1),(569,210809,0),(569,215233,0),(569,216375,0),(569,220622,0),(569,227179,0),(569,233870,2),(569,238435,0),(569,240178,0),(569,241782,3),(569,242432,0),(569,243734,0),(569,248511,0),(569,251741,3),(569,268516,0),(569,275128,0),(569,284651,0),(569,295264,2),(569,301432,2),(569,305053,2),(569,310709,1),(569,322517,2),(569,324051,0),(569,328230,0),(569,329014,0),(569,332184,3),(569,353210,0),(569,355303,1),(569,356205,0),(569,357467,0),(569,374432,0),(569,393683,2),(569,398900,1),(569,403331,2),(569,403463,0),(569,414594,2),(569,417345,0),(569,418902,0),(569,421685,2),(569,433748,0),(569,435998,2),(569,446193,0),(569,450875,1),(569,454995,1),(569,456694,0),(569,460319,0),(569,460809,0),(569,475723,0),(569,476547,0),(569,491081,0),(569,495276,3),(569,499456,0),(569,499793,3),(569,503446,1),(569,504471,2),(569,506511,0),(569,506605,2),(569,507246,2),(569,507532,3),(569,508021,0),(569,508079,2),(569,510833,0),(569,513043,2),(569,518947,2),(569,521256,0),(569,530553,0),(569,534086,2),(569,538142,0),(569,539760,2),(569,543983,0),(569,553035,2),(569,553138,1),(569,553873,3),(569,554795,0),(569,570219,0),(569,570236,2),(569,572955,0),(569,573974,0),(569,574784,0),(569,576123,0),(569,576259,0),(569,577086,2),(569,578011,0),(569,580221,1),(569,580505,0),(569,586165,3),(569,590508,0),(569,591280,0),(569,595068,2),(569,595288,0),(569,596229,2),(569,597106,0),(569,597571,2),(569,598518,0),(569,599148,0),(569,599952,0),(569,601215,0),(569,602066,0),(569,605052,0),(569,607230,2),(569,608516,2),(569,608748,2),(569,611509,2),(569,616833,0),(569,617594,2),(569,618559,0),(569,620110,2),(569,621563,2),(569,624877,1),(569,625200,0),(569,625838,0),(569,626050,0),(569,627496,2),(569,627618,3),(569,629549,2),(569,630121,0),(569,630388,0),(571,10700,0),(571,26285,1),(571,38792,0),(571,55680,1),(571,82811,0),(571,117770,0),(571,119834,2),(571,170111,0),(571,173915,2),(571,182210,1),(571,190170,0),(571,191538,0),(571,203696,2),(571,205336,0),(571,205533,1),(571,206525,2),(571,216375,1),(571,220622,0),(571,227179,1),(571,238435,0),(571,240178,2),(571,241782,3),(571,242432,0),(571,243734,0),(571,248511,0),(571,251741,3),(571,268516,0),(571,272727,3),(571,275128,0),(571,284651,0),(571,295264,2),(571,305053,3),(571,310709,3),(571,318945,0),(571,324051,0),(571,328230,0),(571,329014,0),(571,332184,3),(571,353210,2),(571,355303,3),(571,356205,0),(571,357467,3),(571,374432,0),(571,393683,0),(571,403331,2),(571,403463,0),(571,404964,3),(571,417345,0),(571,418902,0),(571,433748,0),(571,435998,2),(571,446193,3),(571,450875,0),(571,452460,0),(571,453777,2),(571,454995,0),(571,456094,0),(571,456694,0),(571,460809,3),(571,475723,0),(571,476547,3),(571,491081,2),(571,499456,3),(571,499793,3),(571,503446,2),(571,504471,1),(571,506445,1),(571,506511,0),(571,506605,3),(571,507246,0),(571,507532,0),(571,508021,0),(571,508079,2),(571,510833,0),(571,513043,2),(571,518947,3),(571,521968,2),(571,530553,0),(571,538142,0),(571,539760,2),(571,543983,3),(571,544424,2),(571,553035,0),(571,553138,1),(571,553873,3),(571,554795,0),(571,558393,2),(571,564645,2),(571,570219,0),(571,570236,3),(571,572389,1),(571,572955,2),(571,573974,0),(571,574784,0),(571,576123,1),(571,578011,2),(571,580221,1),(571,580505,2),(571,581161,2),(571,586165,3),(571,586260,2),(571,590508,0),(571,591280,0),(571,595068,1),(571,595288,0),(571,596229,1),(571,597106,0),(571,598379,2),(571,599148,0),(571,599952,1),(571,600917,3),(571,601215,0),(571,602066,3),(571,607230,3),(571,608516,3),(571,609043,2),(571,610628,1),(571,611509,2),(571,617594,3),(571,618559,0),(571,620110,2),(571,621563,1),(571,624877,0),(571,625200,0),(571,625838,2),(571,627496,0),(571,629549,2),(571,630388,2),(573,10700,2),(573,38792,2),(573,55680,1),(573,60826,0),(573,84978,0),(573,129017,0),(573,133236,0),(573,136756,3),(573,173915,3),(573,182210,0),(573,186780,3),(573,190170,0),(573,199764,2),(573,203696,2),(573,205336,3),(573,205533,1),(573,206525,0),(573,210809,2),(573,216375,0),(573,220622,3),(573,227179,2),(573,240178,2),(573,241782,0),(573,242432,0),(573,243734,1),(573,248511,2),(573,251741,1),(573,252621,2),(573,268516,0),(573,275128,2),(573,284651,2),(573,295264,2),(573,301432,0),(573,310709,3),(573,318945,0),(573,322517,2),(573,324051,0),(573,328230,2),(573,329014,0),(573,332184,2),(573,353210,2),(573,355303,2),(573,356205,1),(573,374432,1),(573,393683,2),(573,403463,0),(573,417345,0),(573,433748,2),(573,435998,2),(573,454995,0),(573,460319,0),(573,460809,0),(573,475723,0),(573,491081,2),(573,499456,1),(573,499793,0),(573,503446,2),(573,504471,0),(573,506445,0),(573,506511,0),(573,507246,0),(573,507532,2),(573,508021,0),(573,508079,3),(573,510833,0),(573,513043,0),(573,515421,1),(573,518947,2),(573,521256,3),(573,530553,0),(573,539760,0),(573,543983,1),(573,551022,0),(573,553035,1),(573,553138,1),(573,554795,3),(573,562334,2),(573,570219,1),(573,573974,0),(573,574784,3),(573,577086,0),(573,578011,1),(573,580221,1),(573,586165,3),(573,590508,0),(573,591280,0),(573,595068,2),(573,595105,0),(573,596229,2),(573,597106,2),(573,597571,2),(573,599148,0),(573,602066,3),(573,605052,0),(573,608516,0),(573,611509,2),(573,617594,3),(573,621563,1),(573,625838,3),(573,626036,3),(573,626459,0),(573,627496,0),(575,10700,2),(575,26285,2),(575,35219,2),(575,38792,0),(575,55680,1),(575,119834,2),(575,129017,0),(575,133236,3),(575,170111,0),(575,173915,0),(575,186780,1),(575,190170,0),(575,199764,2),(575,203696,0),(575,205336,3),(575,205533,1),(575,206525,0),(575,210809,0),(575,215233,2),(575,216375,0),(575,220622,2),(575,227179,2),(575,233870,2),(575,238435,2),(575,240178,3),(575,241782,3),(575,242432,3),(575,243734,3),(575,248511,0),(575,251741,3),(575,268516,0),(575,272727,2),(575,275128,0),(575,284651,0),(575,295264,2),(575,301432,0),(575,305053,2),(575,310709,2),(575,318945,0),(575,324051,0),(575,328230,0),(575,332184,2),(575,353210,3),(575,355303,2),(575,357467,0),(575,374432,0),(575,393683,3),(575,403463,0),(575,404964,3),(575,414594,2),(575,417345,0),(575,418902,0),(575,421685,3),(575,433748,0),(575,435998,3),(575,450875,0),(575,452460,0),(575,453777,0),(575,454995,0),(575,456094,1),(575,460319,0),(575,460809,0),(575,475723,0),(575,476547,3),(575,491081,2),(575,499456,2),(575,499793,0),(575,506511,0),(575,506605,3),(575,507246,0),(575,508021,0),(575,508079,1),(575,510833,2),(575,513043,0),(575,518947,0),(575,521256,3),(575,530553,0),(575,534086,2),(575,539760,2),(575,543983,1),(575,551022,0),(575,553035,1),(575,553138,3),(575,554158,3),(575,554795,2),(575,562334,2),(575,570219,0),(575,572389,0),(575,572955,2),(575,573974,2),(575,574784,2),(575,576123,3),(575,578011,2),(575,580221,1),(575,581161,0),(575,586165,3),(575,590508,2),(575,591280,0),(575,595068,0),(575,595288,3),(575,596229,2),(575,597106,1),(575,599148,0),(575,601215,1),(575,601931,0),(575,602066,0),(575,605052,2),(575,607230,2),(575,608516,2),(575,608748,1),(575,609043,2),(575,617594,2),(575,625364,3),(575,625838,2),(575,626459,1),(575,627496,0),(575,627618,3),(575,630388,0),(575,630704,0),(581,13997,2),(581,26285,0),(581,35219,0),(581,38792,0),(581,55680,0),(581,60826,1),(581,82811,1),(581,119834,0),(581,129017,3),(581,133236,0),(581,170111,0),(581,173915,2),(581,177295,3),(581,182210,0),(581,191538,0),(581,195052,2),(581,199764,0),(581,205336,2),(581,205533,1),(581,206525,2),(581,216375,0),(581,220622,3),(581,227179,0),(581,238435,0),(581,240178,0),(581,241782,0),(581,242432,3),(581,243734,0),(581,248511,0),(581,251741,2),(581,268516,0),(581,272727,0),(581,275128,0),(581,284651,0),(581,295264,3),(581,301432,0),(581,305053,0),(581,310709,3),(581,318945,3),(581,322517,2),(581,324051,3),(581,328230,0),(581,329014,0),(581,332184,0),(581,353210,2),(581,355303,3),(581,357467,0),(581,374432,0),(581,393683,0),(581,398900,2),(581,403331,2),(581,403463,0),(581,414594,2),(581,417345,0),(581,418902,0),(581,421685,2),(581,433748,0),(581,435998,2),(581,446193,2),(581,450875,1),(581,453777,0),(581,454995,0),(581,456094,0),(581,460319,0),(581,460809,0),(581,475723,0),(581,476547,0),(581,491081,0),(581,495276,3),(581,499793,1),(581,503446,1),(581,504471,0),(581,506445,0),(581,506511,0),(581,506605,2),(581,507246,3),(581,508021,0),(581,508079,0),(581,513043,3),(581,515421,3),(581,518947,0),(581,521256,3),(581,521952,0),(581,521968,0),(581,530553,0),(581,534086,2),(581,539760,0),(581,543983,0),(581,544424,2),(581,551022,3),(581,553035,2),(581,553873,0),(581,554158,0),(581,554795,0),(581,564645,2),(581,570219,0),(581,570236,0),(581,572389,0),(581,572955,0),(581,573974,0),(581,574784,0),(581,576123,2),(581,576259,2),(581,577086,0),(581,578011,0),(581,579956,0),(581,580221,0),(581,580505,0),(581,581161,3),(581,586165,0),(581,586260,0),(581,590508,2),(581,591280,0),(581,595068,0),(581,595105,0),(581,596229,0),(581,597106,0),(581,598379,2),(581,598518,0),(581,599148,0),(581,601215,0),(581,601931,2),(581,602066,0),(581,605052,0),(581,607230,0),(581,608516,0),(581,608748,3),(581,609043,2),(581,611509,2),(581,616833,0),(581,617594,0),(581,618559,0),(581,621563,0),(581,623106,0),(581,625200,0),(581,625838,3),(581,625878,2),(581,626459,2),(581,627496,0),(581,627618,0),(581,630121,0),(581,630388,3),(581,630704,2),(582,13997,3),(582,26285,0),(582,35219,0),(582,55680,1),(582,60826,2),(582,82811,2),(582,129017,3),(582,133236,0),(582,170111,0),(582,173915,0),(582,177295,3),(582,190170,0),(582,195052,0),(582,199764,0),(582,205336,2),(582,205533,1),(582,206525,3),(582,210809,2),(582,215233,2),(582,216375,0),(582,220622,3),(582,227179,0),(582,233870,2),(582,237560,3),(582,238435,0),(582,240178,0),(582,241782,3),(582,242432,3),(582,243734,0),(582,248511,0),(582,251741,3),(582,268516,0),(582,272727,0),(582,275128,3),(582,284651,0),(582,295264,3),(582,301432,0),(582,305053,0),(582,310709,3),(582,318945,2),(582,322517,2),(582,324051,3),(582,328230,0),(582,329014,0),(582,332184,0),(582,353210,3),(582,355303,3),(582,357467,0),(582,374432,2),(582,393683,0),(582,398900,2),(582,403331,2),(582,403463,0),(582,404964,3),(582,414594,3),(582,417345,0),(582,418902,0),(582,421685,2),(582,433748,0),(582,435998,2),(582,450875,0),(582,452460,3),(582,453777,3),(582,454995,0),(582,456094,0),(582,456694,0),(582,460319,0),(582,460809,0),(582,475723,0),(582,476547,0),(582,491081,0),(582,495276,1),(582,499793,3),(582,503446,3),(582,504471,0),(582,506445,1),(582,506511,3),(582,506605,2),(582,507246,0),(582,508021,0),(582,508079,0),(582,513043,2),(582,518947,3),(582,521952,0),(582,530553,0),(582,534086,2),(582,538142,2),(582,539760,3),(582,543983,0),(582,553035,2),(582,553138,0),(582,553873,0),(582,554158,0),(582,554795,0),(582,564645,2),(582,570219,0),(582,570236,0),(582,572389,0),(582,572955,0),(582,573974,0),(582,574784,2),(582,576123,3),(582,576259,3),(582,577086,0),(582,578011,0),(582,579956,0),(582,580221,0),(582,580505,0),(582,581161,2),(582,586165,3),(582,586260,3),(582,590508,0),(582,591280,0),(582,595068,2),(582,595288,3),(582,596229,0),(582,597106,0),(582,597571,2),(582,598379,1),(582,598518,0),(582,599148,0),(582,599952,2),(582,601215,0),(582,602066,0),(582,605052,0),(582,607230,0),(582,608516,0),(582,608748,2),(582,610628,1),(582,611509,2),(582,616833,0),(582,617594,0),(582,621563,0),(582,623106,0),(582,624877,0),(582,625200,0),(582,625838,1),(582,625878,3),(582,626036,0),(582,626412,2),(582,626459,3),(582,627496,0),(582,627618,0),(582,629549,1),(582,630121,0),(582,630175,1),(582,630388,3),(582,630704,2),(586,10700,2),(586,26285,3),(586,35219,1),(586,38792,3),(586,55680,0),(586,60826,3),(586,84978,2),(586,98517,0),(586,109109,3),(586,129017,0),(586,133236,0),(586,177295,1),(586,182210,0),(586,190170,0),(586,205336,3),(586,205533,0),(586,216375,1),(586,220622,2),(586,237560,0),(586,238435,3),(586,240178,2),(586,241782,0),(586,242432,0),(586,248511,0),(586,251741,0),(586,268516,2),(586,275128,0),(586,284651,0),(586,295264,2),(586,301432,2),(586,305053,2),(586,310709,2),(586,318945,0),(586,322517,2),(586,324051,2),(586,328230,3),(586,332184,2),(586,353210,1),(586,355303,2),(586,356205,0),(586,357467,2),(586,393683,0),(586,403463,2),(586,404964,1),(586,414594,2),(586,417345,2),(586,421685,2),(586,433748,0),(586,435998,0),(586,446193,0),(586,450875,1),(586,453777,3),(586,454995,0),(586,456094,3),(586,460319,0),(586,460809,3),(586,475723,2),(586,476547,2),(586,491081,2),(586,499793,0),(586,503446,3),(586,506605,2),(586,507246,0),(586,508021,0),(586,508079,2),(586,513043,0),(586,515421,3),(586,518947,0),(586,521256,3),(586,530553,0),(586,539760,0),(586,543983,0),(586,551022,0),(586,553035,1),(586,553138,1),(586,554795,2),(586,562334,3),(586,570219,2),(586,572389,0),(586,572955,2),(586,573974,3),(586,574784,2),(586,577086,0),(586,578011,2),(586,580221,0),(586,580505,2),(586,586165,3),(586,586260,1),(586,591280,0),(586,595068,1),(586,596229,3),(586,597106,3),(586,599148,0),(586,602066,0),(586,608516,0),(586,617594,2),(586,618559,3),(586,621563,0),(586,627496,0),(586,630704,0),(590,10700,0),(590,22955,1),(590,26285,1),(590,35219,1),(590,38792,3),(590,55680,0),(590,84978,1),(590,98517,0),(590,109109,3),(590,129017,0),(590,133236,0),(590,136756,0),(590,170111,0),(590,173915,2),(590,182210,0),(590,190170,0),(590,191538,2),(590,199764,2),(590,205336,3),(590,205533,1),(590,206525,0),(590,210809,2),(590,216375,1),(590,220622,2),(590,227179,2),(590,237560,0),(590,238435,2),(590,240178,2),(590,241782,0),(590,242432,0),(590,243734,0),(590,248511,0),(590,251741,0),(590,268516,0),(590,275128,0),(590,284651,0),(590,295264,2),(590,310709,1),(590,318945,0),(590,322517,2),(590,324051,2),(590,328230,0),(590,329014,0),(590,332184,2),(590,353210,0),(590,355303,2),(590,356205,0),(590,357467,0),(590,374432,2),(590,393683,2),(590,403463,0),(590,414594,3),(590,417345,2),(590,433748,0),(590,435998,0),(590,446193,0),(590,453777,3),(590,454995,0),(590,460319,0),(590,460809,0),(590,475723,2),(590,476547,0),(590,491081,2),(590,499793,0),(590,503446,3),(590,504471,1),(590,506511,0),(590,506605,3),(590,507246,0),(590,508021,0),(590,508079,2),(590,510833,2),(590,513043,0),(590,515421,3),(590,518947,0),(590,521256,2),(590,530553,0),(590,534086,0),(590,539760,0),(590,543983,0),(590,551022,0),(590,553035,1),(590,553138,1),(590,562334,2),(590,570219,0),(590,570236,2),(590,573974,2),(590,574784,2),(590,576123,2),(590,577086,0),(590,578011,1),(590,580505,0),(590,586165,3),(590,586260,0),(590,595068,1),(590,595105,0),(590,596229,2),(590,597106,3),(590,599148,0),(590,599952,0),(590,601215,1),(590,602066,0),(590,608516,2),(590,617594,2),(590,618559,2),(590,624877,1),(590,625838,3),(590,626459,1),(590,627496,2),(590,630121,0),(590,630704,0),(596,10700,1),(596,26285,1),(596,35219,1),(596,38792,2),(596,55680,0),(596,98517,0),(596,129017,0),(596,133236,0),(596,170111,0),(596,173915,2),(596,182210,0),(596,190170,0),(596,199764,2),(596,205336,2),(596,205533,1),(596,206525,0),(596,216375,1),(596,220622,2),(596,237560,0),(596,238435,2),(596,240178,3),(596,242432,0),(596,243734,0),(596,248511,0),(596,251741,0),(596,268516,1),(596,275128,0),(596,284651,0),(596,295264,3),(596,301432,2),(596,310709,2),(596,318945,0),(596,324051,0),(596,328230,1),(596,332184,2),(596,353210,0),(596,355303,2),(596,356205,0),(596,357467,2),(596,393683,3),(596,403463,2),(596,417345,0),(596,433748,0),(596,435998,0),(596,446193,0),(596,450875,1),(596,453777,3),(596,454995,0),(596,456094,1),(596,460319,3),(596,475723,0),(596,491081,2),(596,499793,0),(596,503446,2),(596,507246,0),(596,508021,0),(596,508079,2),(596,513043,0),(596,515421,1),(596,518947,0),(596,521256,3),(596,530553,0),(596,539760,2),(596,543983,0),(596,551022,0),(596,553035,1),(596,553138,1),(596,554158,3),(596,558393,1),(596,570236,2),(596,572389,0),(596,572955,2),(596,573974,0),(596,574784,2),(596,577086,0),(596,578011,1),(596,580505,0),(596,581161,2),(596,586165,3),(596,595068,1),(596,597106,1),(596,599148,0),(596,601215,0),(596,602066,0),(596,608516,2),(596,617594,2),(596,620110,1),(596,621563,1),(596,624877,1),(596,626459,1),(596,627496,0),(596,630704,0),(631,35219,0),(631,38792,3),(631,55680,2),(631,82811,1),(631,98517,1),(631,120120,0),(631,129017,2),(631,133236,0),(631,161101,3),(631,170111,0),(631,173915,2),(631,177295,0),(631,182210,0),(631,195052,2),(631,205336,2),(631,205533,1),(631,206525,1),(631,216375,0),(631,220622,3),(631,227179,0),(631,237560,3),(631,238435,0),(631,240178,0),(631,241782,2),(631,242432,2),(631,243734,0),(631,248511,0),(631,251741,0),(631,268516,0),(631,272727,0),(631,275128,3),(631,284651,0),(631,301432,2),(631,305053,0),(631,310709,3),(631,318945,3),(631,322517,2),(631,324051,0),(631,328230,0),(631,332184,3),(631,353210,3),(631,355303,2),(631,357467,0),(631,374432,0),(631,393683,0),(631,403331,3),(631,403463,0),(631,404964,2),(631,414594,2),(631,417345,0),(631,418902,0),(631,421685,1),(631,433748,0),(631,435998,2),(631,450875,1),(631,454995,0),(631,456094,0),(631,460319,0),(631,460809,0),(631,475723,0),(631,476547,2),(631,491081,0),(631,499793,0),(631,503446,3),(631,504471,2),(631,506445,0),(631,506511,3),(631,506605,2),(631,507246,0),(631,508021,0),(631,508079,3),(631,510833,0),(631,513043,2),(631,518947,0),(631,521256,0),(631,521968,2),(631,530553,0),(631,534086,0),(631,538142,0),(631,539760,3),(631,543983,0),(631,553035,2),(631,553138,3),(631,553873,2),(631,554795,3),(631,558393,2),(631,562334,2),(631,564645,0),(631,570219,0),(631,572389,0),(631,572955,0),(631,573974,0),(631,574784,2),(631,576123,2),(631,576259,3),(631,578011,2),(631,579956,0),(631,580221,0),(631,580505,0),(631,581161,0),(631,586165,3),(631,586260,1),(631,591280,0),(631,595068,2),(631,596229,0),(631,597106,0),(631,597571,3),(631,598379,2),(631,599148,3),(631,599952,1),(631,601215,0),(631,601931,0),(631,602066,0),(631,605052,0),(631,607230,2),(631,608516,0),(631,608748,3),(631,611509,0),(631,616833,0),(631,617594,3),(631,618559,0),(631,620110,1),(631,621563,3),(631,624877,0),(631,625200,0),(631,626036,0),(631,626412,2),(631,626459,3),(631,627496,3),(631,627618,3),(631,630121,0),(631,630175,2),(631,630388,0),(635,26285,0),(635,38792,3),(635,55680,0),(635,133236,0),(635,170111,0),(635,173915,2),(635,190170,0),(635,205336,2),(635,205533,1),(635,206525,0),(635,216375,2),(635,220622,1),(635,227179,0),(635,237560,0),(635,240178,2),(635,241782,2),(635,242432,0),(635,248511,0),(635,251741,1),(635,252621,3),(635,268516,0),(635,275128,0),(635,284651,0),(635,295264,3),(635,310709,3),(635,318945,0),(635,322517,2),(635,324051,1),(635,328230,0),(635,329014,0),(635,332184,2),(635,353210,1),(635,355303,2),(635,356205,2),(635,357467,0),(635,374432,0),(635,393683,1),(635,403463,0),(635,417345,0),(635,433748,0),(635,435998,2),(635,446193,0),(635,454995,0),(635,456094,0),(635,456694,0),(635,460319,2),(635,460809,0),(635,475723,0),(635,476547,1),(635,491081,2),(635,492867,2),(635,499793,0),(635,504471,3),(635,506511,0),(635,506605,2),(635,507246,0),(635,508021,0),(635,508079,1),(635,510833,0),(635,513043,2),(635,515421,0),(635,518947,0),(635,521256,0),(635,521968,2),(635,530553,1),(635,539760,0),(635,543983,0),(635,544424,3),(635,553035,1),(635,553138,1),(635,562334,2),(635,570219,0),(635,572955,0),(635,573974,0),(635,574784,0),(635,576123,0),(635,577086,0),(635,578011,0),(635,580221,2),(635,581161,2),(635,586165,3),(635,586260,0),(635,595068,2),(635,596229,2),(635,597106,0),(635,599148,0),(635,599952,1),(635,602066,3),(635,605052,0),(635,608516,3),(635,608748,3),(635,617594,2),(635,618559,0),(635,620110,2),(635,625838,2),(635,626036,0),(635,630121,3),(635,630175,2),(635,630388,0),(635,631797,0),(637,10700,1),(637,13997,2),(637,26285,0),(637,119834,2),(637,120120,0),(637,129017,2),(637,133236,0),(637,170111,0),(637,173915,0),(637,190170,0),(637,191538,0),(637,199764,2),(637,203696,0),(637,205336,1),(637,205533,1),(637,216375,0),(637,220622,1),(637,227179,1),(637,233870,1),(637,240178,3),(637,241782,3),(637,242432,0),(637,248511,0),(637,251741,0),(637,268516,0),(637,275128,0),(637,284651,0),(637,301432,0),(637,305053,2),(637,310709,2),(637,318945,0),(637,322517,2),(637,324051,0),(637,328230,0),(637,329014,0),(637,332184,2),(637,353210,1),(637,355303,3),(637,356205,1),(637,357467,0),(637,374432,0),(637,393683,3),(637,403331,0),(637,403463,0),(637,417345,0),(637,418902,0),(637,433748,0),(637,435998,2),(637,446193,0),(637,452460,0),(637,454995,0),(637,460809,0),(637,475723,0),(637,476547,1),(637,491081,2),(637,499456,0),(637,499793,0),(637,506605,0),(637,507246,0),(637,508021,0),(637,508079,2),(637,510833,0),(637,513043,2),(637,515421,0),(637,518947,0),(637,521256,2),(637,530553,1),(637,534086,2),(637,539760,0),(637,544424,3),(637,552831,1),(637,553035,1),(637,553138,2),(637,554795,0),(637,562334,2),(637,570219,0),(637,573974,0),(637,574784,0),(637,577086,0),(637,578011,0),(637,580221,2),(637,581161,2),(637,586165,3),(637,590508,0),(637,591280,0),(637,595068,0),(637,596229,3),(637,597106,0),(637,598379,0),(637,599148,0),(637,602066,0),(637,608516,2),(637,610628,1),(637,617594,2),(637,624877,1),(637,625838,2),(637,626036,0),(637,627496,0),(637,630121,3),(637,630388,0),(638,10700,0),(638,13997,3),(638,26285,2),(638,35219,2),(638,38792,0),(638,82811,0),(638,84978,2),(638,98517,2),(638,115140,1),(638,117770,3),(638,129017,0),(638,133236,0),(638,170111,0),(638,173915,0),(638,186780,0),(638,190170,0),(638,191538,0),(638,199764,2),(638,205336,0),(638,205533,1),(638,206525,2),(638,216375,0),(638,220622,0),(638,227179,1),(638,237560,0),(638,238435,0),(638,240178,2),(638,241782,2),(638,242432,0),(638,243734,1),(638,248511,0),(638,251741,0),(638,252621,2),(638,268516,0),(638,275128,0),(638,284651,1),(638,295264,0),(638,301432,0),(638,305053,0),(638,310709,2),(638,318945,0),(638,322517,2),(638,324051,0),(638,328230,0),(638,332184,0),(638,353210,3),(638,355303,3),(638,356205,1),(638,357467,0),(638,374432,0),(638,393683,3),(638,398900,0),(638,403463,0),(638,414594,1),(638,417345,0),(638,418902,0),(638,421685,2),(638,433748,0),(638,435998,0),(638,446193,0),(638,450875,0),(638,454995,0),(638,460319,0),(638,460809,0),(638,475723,0),(638,476547,2),(638,491081,2),(638,495276,3),(638,499793,0),(638,503446,1),(638,504471,2),(638,506511,0),(638,506605,2),(638,507246,0),(638,508021,0),(638,508079,2),(638,513043,0),(638,515421,3),(638,518947,0),(638,521952,0),(638,539760,2),(638,543983,2),(638,544424,2),(638,551022,1),(638,553035,2),(638,553138,0),(638,554158,3),(638,554795,2),(638,562334,0),(638,570219,0),(638,572955,3),(638,573974,0),(638,574784,0),(638,576123,3),(638,578011,2),(638,580221,2),(638,581161,0),(638,586165,3),(638,586260,2),(638,590508,2),(638,591280,0),(638,595068,0),(638,596229,3),(638,597106,0),(638,598379,0),(638,599148,0),(638,600917,0),(638,602066,1),(638,605052,0),(638,608516,0),(638,609043,2),(638,611509,2),(638,617594,2),(638,618559,0),(638,621563,1),(638,624877,0),(638,625200,0),(638,625838,0),(638,625878,1),(638,626036,0),(638,626459,0),(638,627496,0),(638,630121,3),(638,630388,0),(638,630704,0),(640,10700,0),(640,13997,3),(640,26285,0),(640,35219,1),(640,38792,2),(640,55680,1),(640,60826,0),(640,82811,0),(640,119834,1),(640,127291,3),(640,133236,0),(640,161101,2),(640,170111,2),(640,173915,2),(640,186780,0),(640,190170,0),(640,191538,0),(640,195052,1),(640,199764,2),(640,205336,0),(640,205533,1),(640,206525,0),(640,215233,0),(640,216375,0),(640,227179,1),(640,237560,0),(640,238435,0),(640,240178,2),(640,242432,0),(640,248511,0),(640,251741,0),(640,252621,3),(640,268516,0),(640,275128,0),(640,284651,3),(640,295264,0),(640,301432,0),(640,305053,0),(640,318945,0),(640,324051,0),(640,328230,0),(640,332184,0),(640,353210,1),(640,355303,2),(640,357467,3),(640,374432,0),(640,393683,1),(640,403331,2),(640,403463,0),(640,414594,0),(640,417345,0),(640,418902,2),(640,433748,0),(640,435998,0),(640,446193,0),(640,450875,0),(640,453777,0),(640,454995,0),(640,460809,0),(640,475723,2),(640,491081,3),(640,492867,1),(640,499456,3),(640,499793,0),(640,503446,3),(640,504471,2),(640,506511,0),(640,506605,2),(640,507246,0),(640,507532,2),(640,508021,0),(640,508079,3),(640,513043,2),(640,515421,2),(640,518947,0),(640,521256,0),(640,521952,0),(640,538142,0),(640,539760,0),(640,544424,2),(640,551022,1),(640,553035,1),(640,553138,0),(640,554795,2),(640,562334,0),(640,570219,2),(640,572389,1),(640,573974,0),(640,574784,0),(640,577086,0),(640,578011,2),(640,580221,2),(640,586165,3),(640,586260,0),(640,591280,0),(640,595068,0),(640,595288,3),(640,596229,3),(640,597106,0),(640,597571,2),(640,598518,0),(640,599148,0),(640,599952,0),(640,601215,1),(640,602066,2),(640,605052,0),(640,608516,0),(640,609043,2),(640,611509,2),(640,616833,0),(640,617594,2),(640,618559,0),(640,620110,2),(640,621563,1),(640,624877,1),(640,625200,0),(640,625838,0),(640,625878,1),(640,626412,0),(640,626459,3),(640,627496,0),(640,627618,1),(640,630121,3),(640,630704,0),(642,10700,1),(642,26285,0),(642,35219,1),(642,38792,2),(642,55680,0),(642,98517,0),(642,129017,0),(642,133236,0),(642,161101,2),(642,170111,0),(642,173915,2),(642,186780,2),(642,190170,0),(642,191538,0),(642,205533,1),(642,206525,1),(642,216375,2),(642,237560,0),(642,240178,2),(642,241782,3),(642,242432,0),(642,243734,0),(642,248511,0),(642,251741,0),(642,252621,3),(642,268516,0),(642,272727,2),(642,275128,2),(642,284651,0),(642,295264,2),(642,301432,1),(642,318945,0),(642,322517,1),(642,324051,0),(642,328230,0),(642,332184,2),(642,353210,0),(642,355303,2),(642,356205,1),(642,374432,1),(642,393683,0),(642,403331,2),(642,403463,0),(642,414594,2),(642,417345,0),(642,418902,0),(642,433748,0),(642,435998,0),(642,446193,0),(642,450875,1),(642,453777,3),(642,454995,0),(642,460809,0),(642,476547,0),(642,491081,2),(642,499793,0),(642,503446,3),(642,504471,0),(642,507246,0),(642,507532,2),(642,508021,0),(642,508079,2),(642,515421,2),(642,518947,0),(642,521256,3),(642,530553,0),(642,539760,0),(642,543983,0),(642,551022,1),(642,553035,1),(642,553138,1),(642,553873,2),(642,558393,1),(642,562334,2),(642,564645,2),(642,570219,1),(642,572389,1),(642,573974,0),(642,576123,1),(642,577086,0),(642,578011,2),(642,586165,3),(642,591280,0),(642,595068,3),(642,595288,0),(642,599148,0),(642,602066,0),(642,609043,2),(642,616833,0),(642,618559,1),(642,621563,0),(642,625838,3),(642,626459,0),(642,627487,3),(642,627496,2),(642,630175,2),(643,13997,2),(643,21138,1),(643,60826,2),(643,84978,2),(643,92932,3),(643,115140,2),(643,129017,0),(643,133236,2),(643,161101,1),(643,170111,0),(643,173915,2),(643,182210,0),(643,190170,0),(643,199764,2),(643,203696,2),(643,205336,0),(643,205533,1),(643,206525,0),(643,215233,2),(643,216375,1),(643,220622,1),(643,227179,0),(643,237560,3),(643,238435,0),(643,240178,2),(643,242432,2),(643,243734,0),(643,248511,0),(643,251741,2),(643,268516,0),(643,272727,2),(643,275128,3),(643,284651,0),(643,301432,2),(643,305053,0),(643,310709,2),(643,318945,0),(643,322517,2),(643,324051,2),(643,328230,0),(643,329014,0),(643,332184,3),(643,353210,1),(643,355303,0),(643,356205,0),(643,374432,0),(643,393683,2),(643,403331,1),(643,403463,0),(643,414594,3),(643,417345,0),(643,418902,2),(643,421685,2),(643,433748,0),(643,435998,2),(643,446193,0),(643,450875,2),(643,453777,0),(643,454995,0),(643,456094,0),(643,456694,0),(643,460319,0),(643,460809,0),(643,466372,2),(643,476547,0),(643,491081,2),(643,495276,3),(643,499793,0),(643,506605,2),(643,507246,0),(643,507532,3),(643,508021,0),(643,508079,1),(643,510833,0),(643,515421,0),(643,518947,0),(643,521256,0),(643,521968,3),(643,538142,2),(643,539760,0),(643,553035,0),(643,553138,2),(643,553873,3),(643,554158,1),(643,554795,0),(643,558393,0),(643,562203,1),(643,562334,0),(643,564645,1),(643,570219,1),(643,570236,2),(643,572389,0),(643,572955,2),(643,573974,0),(643,574784,0),(643,577086,0),(643,578011,0),(643,580221,3),(643,581161,0),(643,586165,3),(643,586260,1),(643,590508,0),(643,591280,0),(643,595068,2),(643,595288,3),(643,596229,2),(643,597106,0),(643,597571,2),(643,598518,0),(643,599148,0),(643,599952,1),(643,602066,3),(643,605052,0),(643,609043,0),(643,617594,3),(643,618559,0),(643,620110,1),(643,621563,1),(643,624877,0),(643,625200,0),(643,626036,0),(643,626050,0),(643,627496,0),(643,627618,2),(643,630121,0),(643,630388,0),(645,26285,2),(645,38792,2),(645,84978,0),(645,98517,0),(645,109109,3),(645,129017,0),(645,133236,2),(645,161101,2),(645,170111,0),(645,173915,0),(645,186780,2),(645,190170,1),(645,191538,3),(645,199764,2),(645,205336,3),(645,205533,0),(645,206525,2),(645,216375,2),(645,220622,3),(645,227179,2),(645,237560,0),(645,238435,3),(645,240178,3),(645,241782,0),(645,242432,0),(645,248511,0),(645,251741,0),(645,268516,0),(645,275128,0),(645,301432,2),(645,305053,2),(645,310709,3),(645,318945,0),(645,324051,0),(645,328230,0),(645,332184,0),(645,353210,1),(645,355303,2),(645,356205,2),(645,357467,1),(645,393683,1),(645,403463,0),(645,414594,2),(645,417345,0),(645,418902,2),(645,433748,0),(645,435998,0),(645,446193,0),(645,450875,0),(645,453777,3),(645,454995,0),(645,456094,0),(645,460319,0),(645,460809,0),(645,475723,2),(645,476547,1),(645,491081,1),(645,495276,2),(645,499456,1),(645,499793,0),(645,503446,3),(645,504471,2),(645,506511,3),(645,507246,0),(645,508021,0),(645,508079,2),(645,513043,0),(645,518947,0),(645,521256,3),(645,530553,0),(645,539760,2),(645,543983,0),(645,551022,0),(645,553035,1),(645,553138,2),(645,554795,3),(645,558393,1),(645,562334,3),(645,570219,2),(645,570236,2),(645,572389,0),(645,572955,3),(645,573974,1),(645,574784,3),(645,577086,0),(645,578011,1),(645,581161,2),(645,586165,3),(645,586260,2),(645,591280,0),(645,595068,0),(645,595105,0),(645,597106,3),(645,598379,1),(645,599148,0),(645,600917,3),(645,608516,2),(645,617594,2),(645,621563,1),(645,625838,3),(645,626036,3),(645,626459,0),(645,627496,2),(645,630121,2),(645,630704,0),(647,13997,3),(647,21138,1),(647,26285,0),(647,35219,0),(647,38792,2),(647,55680,0),(647,82811,1),(647,98517,1),(647,133236,2),(647,161101,0),(647,170111,0),(647,173915,1),(647,177295,3),(647,182210,0),(647,205336,3),(647,205533,1),(647,206525,2),(647,215233,3),(647,216375,0),(647,220622,3),(647,227179,0),(647,237560,3),(647,238435,0),(647,240178,2),(647,241782,3),(647,242432,3),(647,243734,0),(647,248511,0),(647,251741,3),(647,268516,0),(647,275128,0),(647,284651,0),(647,295264,1),(647,301432,0),(647,305053,0),(647,310709,2),(647,318945,0),(647,322517,2),(647,324051,3),(647,328230,0),(647,329014,0),(647,332184,0),(647,353210,2),(647,355303,0),(647,356205,1),(647,357467,0),(647,374432,1),(647,393683,0),(647,398900,2),(647,403331,2),(647,403463,0),(647,414594,3),(647,417345,0),(647,418902,0),(647,421685,1),(647,433748,0),(647,435998,2),(647,450875,2),(647,453777,0),(647,454995,0),(647,456094,0),(647,460319,0),(647,460809,0),(647,475723,0),(647,476547,0),(647,491081,0),(647,495276,1),(647,499793,0),(647,503446,1),(647,504471,0),(647,506445,2),(647,506605,1),(647,507246,0),(647,508021,1),(647,508079,0),(647,515421,3),(647,518947,0),(647,521952,0),(647,521968,0),(647,530553,0),(647,539760,0),(647,543983,0),(647,544424,3),(647,553035,1),(647,553138,1),(647,553873,0),(647,554158,0),(647,554795,2),(647,562334,0),(647,564645,2),(647,570219,3),(647,570236,0),(647,572389,0),(647,572955,0),(647,573974,0),(647,577086,0),(647,578011,0),(647,579956,0),(647,580221,0),(647,580505,0),(647,581161,3),(647,586165,1),(647,586260,1),(647,590508,2),(647,591280,0),(647,595068,1),(647,596229,0),(647,597106,0),(647,598518,0),(647,601215,0),(647,602066,0),(647,605052,0),(647,607230,0),(647,608516,0),(647,608748,2),(647,610628,1),(647,616833,0),(647,617594,0),(647,618559,0),(647,620110,1),(647,621563,0),(647,624877,0),(647,625200,0),(647,625838,3),(647,626036,0),(647,626459,3),(647,627496,0),(647,630121,0),(647,630388,2),(647,630704,3),(648,26285,3),(648,35219,1),(648,38792,2),(648,55680,2),(648,82811,2),(648,92932,1),(648,133236,2),(648,170111,0),(648,190170,3),(648,205533,1),(648,206525,0),(648,210809,3),(648,216375,2),(648,220622,3),(648,227179,0),(648,237560,3),(648,238435,3),(648,240178,3),(648,241782,3),(648,243734,0),(648,248511,0),(648,251741,2),(648,268516,0),(648,275128,3),(648,284651,0),(648,295264,2),(648,301432,2),(648,305053,2),(648,310709,3),(648,318945,3),(648,322517,2),(648,324051,3),(648,328230,0),(648,329014,1),(648,332184,3),(648,353210,3),(648,355303,2),(648,357467,0),(648,374432,1),(648,393683,0),(648,398900,3),(648,403331,3),(648,403463,0),(648,414594,2),(648,417345,0),(648,418902,0),(648,421685,1),(648,433748,0),(648,435998,2),(648,446193,2),(648,450875,2),(648,453777,0),(648,454995,2),(648,456094,0),(648,456694,0),(648,460319,0),(648,460809,0),(648,475723,0),(648,476547,2),(648,491081,0),(648,495276,2),(648,499456,0),(648,499793,0),(648,503446,3),(648,504471,2),(648,507246,3),(648,508021,3),(648,508079,2),(648,515421,2),(648,518947,3),(648,521256,2),(648,521952,0),(648,521968,2),(648,530553,0),(648,534086,2),(648,539760,3),(648,543983,2),(648,551022,1),(648,552831,1),(648,553035,1),(648,553138,1),(648,554795,0),(648,558393,2),(648,562334,2),(648,564645,2),(648,570219,2),(648,572389,3),(648,572955,0),(648,573974,0),(648,574784,3),(648,576123,3),(648,578011,3),(648,579956,0),(648,580221,0),(648,580505,0),(648,581161,3),(648,586165,2),(648,586260,3),(648,590508,2),(648,591280,0),(648,595068,1),(648,595288,0),(648,596229,0),(648,597106,0),(648,597571,2),(648,598379,2),(648,599148,3),(648,600917,2),(648,601215,0),(648,605052,0),(648,607230,2),(648,608516,0),(648,609043,2),(648,616833,0),(648,617594,2),(648,620110,1),(648,621563,0),(648,624877,0),(648,625200,0),(648,626036,0),(648,626412,2),(648,626459,2),(648,627496,2),(648,629549,3),(648,630175,0),(648,630704,2),(649,35219,1),(649,38792,0),(649,55680,3),(649,60826,2),(649,82811,2),(649,117770,0),(649,119834,2),(649,129017,3),(649,133236,3),(649,170111,0),(649,173915,0),(649,190170,3),(649,205533,1),(649,206525,3),(649,210809,2),(649,215233,0),(649,216375,0),(649,220622,2),(649,227179,0),(649,237560,3),(649,238435,0),(649,240178,0),(649,241782,3),(649,242432,1),(649,243734,0),(649,248511,0),(649,251741,3),(649,268516,0),(649,275128,2),(649,284651,3),(649,295264,2),(649,301432,1),(649,305053,0),(649,310709,2),(649,318945,3),(649,322517,2),(649,324051,3),(649,328230,0),(649,329014,0),(649,332184,2),(649,353210,3),(649,355303,2),(649,357467,0),(649,374432,2),(649,393683,0),(649,398900,2),(649,403331,2),(649,403463,0),(649,414594,2),(649,417345,0),(649,418902,0),(649,421685,1),(649,433748,0),(649,435998,2),(649,450875,1),(649,453777,3),(649,454995,0),(649,456094,3),(649,456694,0),(649,460319,0),(649,460809,0),(649,475723,0),(649,476547,2),(649,491081,3),(649,499456,0),(649,499793,3),(649,503446,3),(649,504471,0),(649,506445,0),(649,506511,3),(649,506605,2),(649,507246,0),(649,508021,0),(649,508079,1),(649,515421,3),(649,518947,3),(649,521256,0),(649,521968,2),(649,530553,0),(649,534086,0),(649,539760,0),(649,543983,0),(649,544424,0),(649,552831,0),(649,553035,1),(649,553138,3),(649,553873,1),(649,554158,0),(649,554795,0),(649,558393,2),(649,562334,0),(649,564645,1),(649,570219,0),(649,572389,0),(649,572955,0),(649,573974,0),(649,574784,3),(649,576123,2),(649,576259,3),(649,578011,3),(649,579956,0),(649,580221,0),(649,580505,0),(649,581161,3),(649,586165,3),(649,590508,2),(649,591280,0),(649,595068,3),(649,595288,0),(649,596229,2),(649,597106,0),(649,598379,1),(649,599148,0),(649,599952,1),(649,601215,3),(649,602066,0),(649,605052,0),(649,607230,2),(649,608516,0),(649,609043,2),(649,610628,1),(649,611509,3),(649,616833,0),(649,617594,2),(649,620110,1),(649,621563,0),(649,624877,0),(649,625200,0),(649,625364,0),(649,626036,0),(649,626459,3),(649,627496,0),(649,629549,0),(649,630121,0),(649,630704,2),(650,26285,3),(650,35219,3),(650,38792,3),(650,60826,2),(650,82811,3),(650,115140,2),(650,119834,0),(650,133236,2),(650,170111,0),(650,182210,2),(650,190170,3),(650,203696,2),(650,205336,1),(650,205533,1),(650,206525,1),(650,215233,0),(650,216375,3),(650,220622,1),(650,227179,0),(650,237560,0),(650,238435,0),(650,240178,0),(650,241782,2),(650,242432,3),(650,243734,1),(650,248511,3),(650,251741,1),(650,268516,3),(650,275128,3),(650,284651,3),(650,295264,0),(650,301432,2),(650,305053,2),(650,310709,2),(650,322517,2),(650,324051,0),(650,328230,0),(650,332184,3),(650,353210,3),(650,355303,3),(650,356205,2),(650,357467,0),(650,393683,3),(650,403463,0),(650,417345,3),(650,418902,0),(650,421685,3),(650,433748,2),(650,435998,3),(650,446193,2),(650,450875,1),(650,453777,0),(650,454995,3),(650,456094,3),(650,456694,3),(650,460319,0),(650,460809,0),(650,475723,2),(650,476547,0),(650,491081,2),(650,495276,0),(650,499456,3),(650,499793,0),(650,506445,2),(650,506511,0),(650,506605,3),(650,507246,3),(650,507532,3),(650,508021,0),(650,508079,3),(650,513043,3),(650,515421,3),(650,518947,3),(650,521256,0),(650,521968,3),(650,530553,2),(650,539760,3),(650,543983,2),(650,552831,3),(650,553035,2),(650,553138,3),(650,554795,2),(650,558393,1),(650,564645,1),(650,570219,3),(650,570236,2),(650,572389,3),(650,572955,0),(650,573974,0),(650,574784,2),(650,577086,3),(650,578011,2),(650,580505,3),(650,581161,2),(650,586165,2),(650,595068,3),(650,595288,3),(650,597106,0),(650,598518,0),(650,599148,3),(650,602066,0),(650,608516,3),(650,616833,2),(650,617594,2),(650,618559,2),(650,620110,2),(650,621563,3),(650,624877,2),(650,625200,0),(650,625838,0),(650,626036,0),(650,626412,2),(650,627496,3),(650,627618,1),(650,630388,2),(650,630704,2),(650,631797,2),(651,10700,3),(651,13997,2),(651,21138,3),(651,22955,1),(651,26285,0),(651,35219,1),(651,38792,3),(651,55680,0),(651,82811,0),(651,117770,3),(651,119834,0),(651,120120,2),(651,129017,2),(651,133236,0),(651,136756,3),(651,161101,2),(651,170111,0),(651,173915,0),(651,191538,3),(651,199764,2),(651,205336,3),(651,205533,0),(651,206525,0),(651,210809,0),(651,216375,0),(651,220622,0),(651,227179,1),(651,233870,1),(651,238435,0),(651,240178,0),(651,241782,3),(651,242432,0),(651,243734,1),(651,248511,0),(651,251741,0),(651,268516,2),(651,284651,2),(651,295264,2),(651,301432,0),(651,310709,0),(651,322517,2),(651,324051,3),(651,328230,0),(651,329014,2),(651,332184,0),(651,353210,2),(651,355303,2),(651,356205,2),(651,357467,0),(651,393683,2),(651,398900,0),(651,403463,3),(651,404964,1),(651,414594,3),(651,417345,3),(651,418902,0),(651,421685,0),(651,433748,3),(651,435998,0),(651,446193,3),(651,450875,3),(651,453777,3),(651,454995,1),(651,456094,0),(651,456694,0),(651,460319,0),(651,460809,0),(651,466372,0),(651,475723,0),(651,476547,3),(651,491081,0),(651,499456,0),(651,499793,3),(651,503446,1),(651,504471,3),(651,506445,1),(651,506511,0),(651,506605,0),(651,507246,0),(651,507532,3),(651,508021,1),(651,508079,0),(651,510833,3),(651,513043,0),(651,515421,3),(651,518947,3),(651,521256,0),(651,521968,2),(651,530553,0),(651,534086,2),(651,539760,3),(651,543983,3),(651,551022,1),(651,553035,1),(651,553138,3),(651,554158,0),(651,554795,0),(651,558393,1),(651,562334,3),(651,564645,3),(651,570219,3),(651,570236,2),(651,572389,3),(651,572955,3),(651,573974,3),(651,574784,3),(651,575818,3),(651,576123,1),(651,577086,0),(651,578011,0),(651,580221,1),(651,580505,0),(651,581161,2),(651,586165,2),(651,586260,2),(651,590508,0),(651,591280,0),(651,595068,0),(651,596229,0),(651,597106,3),(651,597571,0),(651,598379,2),(651,599148,3),(651,599952,0),(651,600917,3),(651,601215,0),(651,602066,3),(651,605052,0),(651,607230,0),(651,608516,1),(651,608748,0),(651,609043,2),(651,610628,1),(651,616833,3),(651,617594,3),(651,618559,0),(651,620110,1),(651,621563,3),(651,623106,2),(651,625838,0),(651,626036,0),(651,627496,0),(651,627618,3),(651,630121,3),(651,630175,3),(651,630388,0),(652,10700,0),(652,13997,2),(652,21138,3),(652,22955,0),(652,26285,0),(652,35219,2),(652,38792,3),(652,55680,0),(652,82811,0),(652,117770,3),(652,119834,0),(652,120120,0),(652,129017,2),(652,133236,0),(652,136756,3),(652,161101,2),(652,170111,0),(652,173915,2),(652,191538,3),(652,199764,2),(652,205336,3),(652,205533,0),(652,206525,3),(652,210809,0),(652,220622,0),(652,227179,1),(652,233870,1),(652,238435,0),(652,240178,0),(652,241782,3),(652,242432,0),(652,243734,1),(652,248511,0),(652,251741,1),(652,268516,2),(652,284651,0),(652,295264,3),(652,301432,0),(652,310709,0),(652,322517,2),(652,324051,3),(652,328230,0),(652,332184,0),(652,353210,3),(652,355303,3),(652,356205,3),(652,357467,0),(652,393683,3),(652,398900,1),(652,403463,3),(652,404964,1),(652,414594,2),(652,417345,0),(652,418902,0),(652,421685,1),(652,433748,0),(652,435998,0),(652,446193,2),(652,450875,2),(652,453777,3),(652,454995,0),(652,456094,0),(652,456694,0),(652,460319,0),(652,460809,0),(652,475723,0),(652,476547,1),(652,491081,0),(652,499456,2),(652,499793,3),(652,504471,3),(652,506445,3),(652,506511,0),(652,506605,0),(652,507246,1),(652,507532,0),(652,508021,0),(652,508079,2),(652,510833,3),(652,513043,3),(652,515421,2),(652,518947,2),(652,521256,0),(652,521968,2),(652,530553,0),(652,534086,2),(652,539760,3),(652,543983,2),(652,544424,2),(652,551022,0),(652,552831,2),(652,553035,1),(652,553138,2),(652,554158,3),(652,558393,1),(652,562334,3),(652,564645,3),(652,570219,0),(652,570236,2),(652,572389,3),(652,572955,3),(652,573974,3),(652,574784,2),(652,575818,3),(652,576123,2),(652,577086,0),(652,578011,0),(652,580221,1),(652,581161,2),(652,586165,2),(652,586260,2),(652,591280,0),(652,595068,0),(652,595105,3),(652,595288,3),(652,596229,0),(652,597106,3),(652,597571,3),(652,598379,2),(652,599148,0),(652,599952,0),(652,600917,3),(652,602066,0),(652,605052,0),(652,607230,0),(652,608516,3),(652,608748,0),(652,609043,2),(652,616833,0),(652,617594,3),(652,618559,2),(652,621563,3),(652,625200,0),(652,626036,0),(652,626459,2),(652,626672,0),(652,627487,0),(652,627496,0),(652,627618,1),(652,630121,3),(652,630175,2),(652,630388,3),(654,13997,2),(654,21138,3),(654,22955,3),(654,38792,3),(654,60826,2),(654,117770,3),(654,119834,0),(654,120120,2),(654,129017,2),(654,133236,0),(654,136756,3),(654,173915,2),(654,191538,3),(654,199764,2),(654,205336,3),(654,205533,0),(654,206525,0),(654,210809,0),(654,220622,0),(654,227179,1),(654,240178,0),(654,241782,3),(654,243734,1),(654,248511,0),(654,251741,1),(654,268516,1),(654,284651,2),(654,295264,2),(654,310709,0),(654,322517,2),(654,324051,3),(654,353210,3),(654,355303,0),(654,356205,3),(654,374432,2),(654,393683,3),(654,398900,0),(654,403463,0),(654,404964,1),(654,417345,0),(654,418902,0),(654,421685,2),(654,433748,2),(654,435998,0),(654,446193,2),(654,450875,3),(654,453777,0),(654,454995,0),(654,456094,0),(654,456694,0),(654,460319,0),(654,460809,0),(654,466372,3),(654,475723,0),(654,476547,1),(654,491081,0),(654,499456,3),(654,499793,3),(654,503446,3),(654,504471,3),(654,506445,1),(654,506511,0),(654,506605,0),(654,507246,1),(654,507532,3),(654,508021,0),(654,508079,0),(654,513043,3),(654,515421,3),(654,518947,0),(654,521256,2),(654,521968,2),(654,530553,0),(654,534086,2),(654,539760,3),(654,543983,0),(654,551022,0),(654,553035,1),(654,553138,2),(654,554158,2),(654,558393,1),(654,562334,3),(654,564645,3),(654,570219,0),(654,570236,2),(654,572389,0),(654,572955,0),(654,573974,0),(654,574784,0),(654,576123,2),(654,576259,0),(654,577086,3),(654,578011,0),(654,580221,0),(654,580505,0),(654,581161,2),(654,586165,2),(654,586260,3),(654,590508,2),(654,591280,0),(654,595068,0),(654,595288,3),(654,596229,0),(654,597106,0),(654,597571,0),(654,598379,2),(654,599148,0),(654,599952,0),(654,600917,2),(654,602066,3),(654,605052,0),(654,607230,0),(654,608516,3),(654,608748,0),(654,609043,2),(654,611509,0),(654,616833,3),(654,617594,3),(654,618559,2),(654,620110,2),(654,621563,3),(654,624877,2),(654,625364,0),(654,625838,0),(654,626036,0),(654,626050,0),(654,626412,0),(654,626459,3),(654,626672,0),(654,627496,0),(654,629549,1),(654,630121,3),(654,630175,0),(654,630388,2),(655,13997,3),(655,38792,0),(655,82811,0),(655,84978,2),(655,92932,2),(655,98517,3),(655,117770,3),(655,120120,0),(655,129017,3),(655,133236,0),(655,161101,2),(655,170111,0),(655,173915,2),(655,186780,0),(655,191538,0),(655,205336,0),(655,205533,1),(655,206525,3),(655,215233,2),(655,220622,0),(655,227179,0),(655,237560,0),(655,240178,3),(655,241782,2),(655,243734,1),(655,248511,0),(655,251741,0),(655,268516,0),(655,275128,0),(655,284651,2),(655,295264,0),(655,301432,0),(655,305053,0),(655,318945,0),(655,324051,0),(655,328230,0),(655,353210,0),(655,355303,3),(655,357467,2),(655,374432,0),(655,393683,2),(655,398900,0),(655,403463,0),(655,404964,3),(655,414594,2),(655,417345,0),(655,421685,2),(655,433748,0),(655,435998,0),(655,446193,0),(655,450875,0),(655,452460,3),(655,453777,0),(655,454995,0),(655,456094,1),(655,456694,1),(655,460809,0),(655,475723,0),(655,476547,2),(655,491081,3),(655,499456,3),(655,499793,0),(655,503446,3),(655,504471,2),(655,506445,2),(655,506511,0),(655,506605,2),(655,507246,0),(655,507532,3),(655,508021,0),(655,508079,0),(655,513043,0),(655,518947,0),(655,521256,0),(655,534086,2),(655,538142,2),(655,539760,0),(655,543983,2),(655,544424,2),(655,551022,1),(655,553035,1),(655,553138,0),(655,553873,3),(655,554158,2),(655,554795,2),(655,558393,0),(655,562334,0),(655,564645,1),(655,570219,1),(655,572389,1),(655,572955,0),(655,573974,0),(655,574784,0),(655,576123,3),(655,578011,3),(655,580221,3),(655,580505,0),(655,581161,0),(655,586165,3),(655,591280,0),(655,595068,0),(655,596229,3),(655,597106,0),(655,598518,0),(655,599148,0),(655,600917,0),(655,601215,2),(655,601931,2),(655,602066,2),(655,605052,0),(655,607230,2),(655,608516,0),(655,608748,2),(655,609043,2),(655,611509,2),(655,616833,0),(655,617594,2),(655,618559,0),(655,620110,3),(655,624877,0),(655,625200,0),(655,625838,0),(655,626412,0),(655,626459,0),(655,627496,0),(655,627618,3),(655,629549,3),(655,630121,3),(655,630175,0),(655,630388,3),(655,630704,0),(656,13997,2),(656,26285,2),(656,35219,2),(656,38792,0),(656,82811,0),(656,127291,3),(656,133236,0),(656,161101,2),(656,190170,0),(656,191538,0),(656,205336,0),(656,205533,1),(656,210809,0),(656,220622,0),(656,237560,0),(656,241782,3),(656,243734,3),(656,248511,0),(656,251741,0),(656,268516,0),(656,284651,3),(656,295264,0),(656,301432,0),(656,318945,0),(656,324051,0),(656,328230,0),(656,329014,0),(656,332184,0),(656,353210,0),(656,355303,3),(656,356205,2),(656,357467,0),(656,374432,0),(656,393683,2),(656,403331,2),(656,403463,0),(656,417345,0),(656,418902,0),(656,433748,0),(656,435998,0),(656,446193,0),(656,450875,1),(656,452460,3),(656,454995,0),(656,456694,0),(656,460809,0),(656,491081,2),(656,499456,1),(656,499793,0),(656,503446,3),(656,506605,2),(656,507246,0),(656,508021,0),(656,508079,2),(656,513043,0),(656,515421,0),(656,518947,0),(656,521256,2),(656,530553,1),(656,534086,2),(656,539760,0),(656,544424,0),(656,551022,3),(656,553035,1),(656,553138,2),(656,553873,0),(656,554795,2),(656,562203,0),(656,562334,2),(656,564645,1),(656,570219,0),(656,572955,0),(656,573974,1),(656,574784,0),(656,576123,3),(656,576259,0),(656,578011,2),(656,580221,2),(656,580505,0),(656,586165,3),(656,591280,0),(656,595068,0),(656,595288,3),(656,596229,2),(656,597106,2),(656,599148,0),(656,599952,1),(656,600917,0),(656,601215,1),(656,601931,1),(656,602066,1),(656,607230,2),(656,608516,2),(656,611509,2),(656,616833,0),(656,617594,2),(656,618559,2),(656,625838,3),(656,626459,0),(656,627496,0),(656,627618,3),(656,630388,0),(656,630704,0),(658,10700,1),(658,13997,2),(658,22955,0),(658,26285,0),(658,35219,2),(658,38792,2),(658,55680,0),(658,82811,0),(658,109109,0),(658,133236,0),(658,136756,3),(658,161101,2),(658,190170,0),(658,191538,3),(658,199764,2),(658,205336,0),(658,205533,1),(658,206525,2),(658,210809,0),(658,216375,2),(658,237560,0),(658,241782,2),(658,242432,0),(658,248511,0),(658,251741,0),(658,268516,0),(658,284651,3),(658,295264,3),(658,301432,0),(658,305053,2),(658,318945,0),(658,322517,1),(658,324051,0),(658,328230,0),(658,332184,0),(658,353210,1),(658,355303,2),(658,356205,1),(658,357467,2),(658,374432,0),(658,393683,2),(658,398900,0),(658,403331,2),(658,403463,0),(658,417345,0),(658,418902,2),(658,433748,0),(658,435998,2),(658,446193,0),(658,450875,0),(658,454995,0),(658,460809,0),(658,476547,0),(658,491081,2),(658,495276,3),(658,499456,3),(658,499793,0),(658,503446,3),(658,507246,0),(658,508021,0),(658,508079,3),(658,515421,2),(658,518947,0),(658,521256,0),(658,521968,3),(658,530553,0),(658,539760,0),(658,551022,1),(658,553035,1),(658,553138,1),(658,554795,0),(658,558393,1),(658,562203,1),(658,562334,3),(658,570219,1),(658,573974,1),(658,576123,0),(658,577086,0),(658,578011,2),(658,580221,2),(658,586165,2),(658,586260,0),(658,591280,0),(658,595068,1),(658,595105,0),(658,596229,3),(658,599148,0),(658,600917,3),(658,601931,1),(658,602066,3),(658,611509,2),(658,618559,2),(658,620110,1),(658,626459,0),(658,627618,1),(660,13997,0),(660,26285,0),(660,35219,1),(660,38792,0),(660,82811,0),(660,129017,1),(660,133236,0),(660,170111,0),(660,182210,0),(660,186780,2),(660,191538,0),(660,199764,0),(660,205336,2),(660,205533,1),(660,206525,1),(660,237560,0),(660,238435,0),(660,241782,2),(660,242432,0),(660,243734,1),(660,275128,3),(660,284651,0),(660,295264,2),(660,301432,1),(660,305053,2),(660,318945,0),(660,324051,0),(660,328230,0),(660,329014,2),(660,332184,2),(660,353210,0),(660,355303,1),(660,356205,1),(660,374432,0),(660,403331,2),(660,403463,0),(660,417345,0),(660,418902,2),(660,433748,0),(660,435998,2),(660,446193,0),(660,454995,0),(660,456694,0),(660,460809,0),(660,476547,1),(660,491081,2),(660,495276,3),(660,499793,0),(660,507246,0),(660,508021,0),(660,508079,1),(660,515421,0),(660,518947,0),(660,530553,0),(660,539760,1),(660,551022,2),(660,553035,1),(660,553138,1),(660,562334,2),(660,570219,0),(660,572955,2),(660,573974,0),(660,574784,2),(660,577086,0),(660,578011,1),(660,580505,0),(660,586165,3),(660,590508,0),(660,591280,1),(660,595068,1),(660,596229,2),(660,598379,2),(660,599148,0),(660,601215,0),(660,601931,1),(660,602066,2),(660,616833,0),(660,617594,1),(660,618559,0),(660,624877,0),(660,625838,2),(660,626036,0),(660,626459,0),(660,627618,1),(660,630388,0),(661,10700,0),(661,38792,0),(661,55680,1),(661,82811,0),(661,115140,1),(661,133236,0),(661,177295,1),(661,191538,0),(661,205336,0),(661,205533,1),(661,206525,0),(661,216375,0),(661,220622,2),(661,227179,2),(661,237560,0),(661,240178,3),(661,241782,2),(661,243734,1),(661,251741,3),(661,284651,0),(661,295264,2),(661,301432,1),(661,305053,0),(661,318945,0),(661,324051,0),(661,328230,0),(661,329014,1),(661,332184,2),(661,353210,2),(661,355303,3),(661,356205,1),(661,357467,3),(661,374432,1),(661,393683,2),(661,403463,0),(661,417345,0),(661,433748,0),(661,435998,0),(661,446193,0),(661,450875,0),(661,453777,0),(661,454995,0),(661,460319,0),(661,475723,2),(661,491081,2),(661,499456,2),(661,499793,0),(661,503446,3),(661,504471,3),(661,506445,3),(661,506511,0),(661,506605,2),(661,507246,0),(661,508021,0),(661,508079,2),(661,513043,0),(661,515421,3),(661,518947,0),(661,521256,3),(661,530553,0),(661,539760,2),(661,551022,0),(661,553035,1),(661,553138,0),(661,554158,2),(661,554795,2),(661,558393,1),(661,570219,2),(661,570236,2),(661,572389,0),(661,572955,3),(661,573974,0),(661,574784,2),(661,578011,1),(661,581161,2),(661,586165,3),(661,591280,0),(661,595068,0),(661,595288,2),(661,596229,3),(661,597106,0),(661,599148,0),(661,602066,3),(661,605052,1),(661,608516,0),(661,609043,2),(661,611509,2),(661,617594,2),(661,618559,1),(661,625838,0),(661,626459,2),(661,627496,0),(661,627618,1),(661,630704,0),(663,10700,3),(663,13997,2),(663,21138,3),(663,22955,3),(663,26285,2),(663,35219,2),(663,38792,3),(663,55680,2),(663,82811,0),(663,92932,1),(663,98517,0),(663,117770,3),(663,119834,3),(663,120120,2),(663,129017,0),(663,133236,0),(663,136756,3),(663,161101,2),(663,170111,3),(663,177295,2),(663,186780,2),(663,190170,1),(663,191538,3),(663,199764,2),(663,205336,3),(663,205533,1),(663,206525,0),(663,210809,2),(663,215233,3),(663,216375,2),(663,220622,0),(663,227179,3),(663,233870,1),(663,237560,1),(663,238435,0),(663,240178,3),(663,241782,0),(663,242432,3),(663,243734,3),(663,248511,0),(663,251741,3),(663,268516,1),(663,284651,3),(663,295264,3),(663,301432,3),(663,305053,2),(663,310709,3),(663,318945,0),(663,324051,1),(663,328230,3),(663,332184,2),(663,353210,1),(663,355303,1),(663,356205,3),(663,357467,1),(663,374432,1),(663,398900,2),(663,403331,0),(663,403463,0),(663,404964,1),(663,417345,0),(663,421685,1),(663,433748,0),(663,435998,0),(663,446193,0),(663,450875,1),(663,453777,0),(663,454995,0),(663,456094,3),(663,456694,3),(663,460319,0),(663,460809,3),(663,466372,2),(663,475723,0),(663,476547,3),(663,491081,0),(663,499793,0),(663,503446,2),(663,506445,1),(663,506605,2),(663,507246,0),(663,507532,0),(663,508021,0),(663,508079,2),(663,510833,3),(663,513043,0),(663,515421,1),(663,518947,0),(663,521256,3),(663,530553,0),(663,534086,2),(663,538142,2),(663,539760,1),(663,543983,3),(663,553035,1),(663,553138,3),(663,553873,3),(663,554158,2),(663,554795,3),(663,558393,2),(663,562334,3),(663,564645,2),(663,570219,3),(663,570236,2),(663,572389,3),(663,572955,3),(663,573974,2),(663,574784,3),(663,575818,3),(663,576123,2),(663,576259,2),(663,577086,0),(663,578011,3),(663,580221,2),(663,580505,0),(663,581161,0),(663,586165,3),(663,586260,0),(663,591280,1),(663,595068,2),(663,595105,3),(663,595288,3),(663,596229,3),(663,597106,3),(663,597571,0),(663,598379,2),(663,599148,2),(663,599952,0),(663,601215,0),(663,602066,2),(663,605052,0),(663,607230,2),(663,608516,3),(663,608748,2),(663,609043,2),(663,611509,2),(663,616833,3),(663,617594,2),(663,618559,1),(663,620110,3),(663,621563,3),(663,623106,3),(663,624877,0),(663,625838,0),(663,626036,0),(663,626050,0),(663,626412,0),(663,626459,0),(663,626672,2),(663,627496,0),(663,627618,1),(663,629549,3),(663,630175,1),(663,630388,2),(664,10700,3),(664,13997,2),(664,21138,2),(664,22955,3),(664,26285,3),(664,35219,2),(664,38792,3),(664,55680,3),(664,82811,0),(664,115140,1),(664,117770,3),(664,119834,3),(664,120120,0),(664,129017,3),(664,133236,3),(664,136756,3),(664,161101,2),(664,170111,3),(664,173915,2),(664,177295,2),(664,182210,3),(664,190170,2),(664,199764,2),(664,205336,3),(664,205533,0),(664,206525,0),(664,210809,2),(664,215233,3),(664,216375,2),(664,227179,3),(664,238435,3),(664,240178,3),(664,242432,3),(664,243734,1),(664,248511,3),(664,251741,3),(664,268516,3),(664,284651,0),(664,295264,2),(664,301432,2),(664,305053,2),(664,310709,3),(664,318945,0),(664,324051,1),(664,328230,3),(664,329014,3),(664,332184,3),(664,353210,3),(664,355303,3),(664,356205,3),(664,357467,1),(664,374432,1),(664,393683,3),(664,398900,2),(664,403463,3),(664,404964,1),(664,417345,3),(664,418902,3),(664,421685,2),(664,433748,0),(664,435998,3),(664,446193,2),(664,450875,1),(664,453777,3),(664,454995,3),(664,456094,3),(664,456694,3),(664,460319,0),(664,460809,3),(664,475723,3),(664,476547,3),(664,491081,0),(664,492867,1),(664,499456,3),(664,499793,0),(664,503446,2),(664,504471,3),(664,506445,2),(664,506511,3),(664,506605,2),(664,507246,3),(664,507532,3),(664,508021,0),(664,508079,3),(664,510833,3),(664,513043,0),(664,515421,3),(664,518947,0),(664,521256,3),(664,521968,0),(664,530553,0),(664,534086,2),(664,539760,2),(664,543983,3),(664,553035,1),(664,553138,2),(664,553873,3),(664,554795,3),(664,558393,2),(664,562334,0),(664,564645,1),(664,570219,3),(664,570236,2),(664,572389,0),(664,572955,3),(664,573974,3),(664,574784,3),(664,575818,3),(664,576123,1),(664,576259,2),(664,577086,2),(664,578011,2),(664,580221,1),(664,580505,3),(664,581161,2),(664,586165,2),(664,586260,0),(664,590508,3),(664,595068,0),(664,596229,3),(664,597106,3),(664,597571,0),(664,598379,2),(664,599148,3),(664,599952,1),(664,600917,3),(664,601215,3),(664,602066,2),(664,605052,1),(664,607230,2),(664,608516,2),(664,608748,0),(664,609043,2),(664,610628,1),(664,611509,1),(664,616833,3),(664,617594,3),(664,618559,3),(664,620110,2),(664,621563,1),(664,623106,3),(664,624877,0),(664,625200,2),(664,625838,1),(664,626036,3),(664,626459,2),(664,626672,2),(664,627496,0),(664,627618,3),(664,630121,2),(664,630175,2),(664,630388,0),(664,630704,2),(667,10700,1),(667,13997,2),(667,26285,0),(667,35219,0),(667,55680,2),(667,92932,1),(667,98517,0),(667,109109,0),(667,115140,1),(667,133236,0),(667,173915,2),(667,186780,2),(667,195052,0),(667,205336,2),(667,205533,1),(667,215233,1),(667,238435,0),(667,241782,3),(667,242432,0),(667,275128,0),(667,284651,2),(667,310709,2),(667,324051,2),(667,332184,0),(667,353210,0),(667,355303,3),(667,356205,0),(667,403331,2),(667,421685,1),(667,435998,0),(667,452460,3),(667,453777,3),(667,460809,0),(667,476547,1),(667,491081,2),(667,495276,3),(667,506605,2),(667,507532,3),(667,508079,0),(667,521256,3),(667,530553,0),(667,534086,0),(667,543983,0),(667,553035,1),(667,553138,1),(667,553873,2),(667,554795,2),(667,562334,3),(667,570219,1),(667,570236,2),(667,572955,3),(667,573974,0),(667,574784,0),(667,576123,2),(667,576259,0),(667,577086,0),(667,578011,1),(667,581161,0),(667,586165,3),(667,586260,2),(667,590508,0),(667,591280,1),(667,595068,1),(667,595105,0),(667,595288,2),(667,596229,2),(667,597571,3),(667,598518,3),(667,599148,0),(667,601215,2),(667,602066,0),(667,605052,2),(667,607230,2),(667,608516,2),(667,608748,3),(667,610628,1),(667,611509,2),(667,616833,0),(667,617594,1),(667,618559,1),(667,621563,0),(667,625838,2),(667,626459,0),(667,627496,3),(667,627618,1),(667,629549,1),(667,630121,2),(667,630388,0),(669,10700,2),(669,26285,0),(669,82811,0),(669,92932,1),(669,98517,0),(669,109109,0),(669,133236,0),(669,161101,2),(669,173915,2),(669,199764,2),(669,205336,2),(669,205533,1),(669,233870,1),(669,241782,3),(669,310709,2),(669,322517,2),(669,332184,0),(669,353210,0),(669,355303,1),(669,356205,1),(669,417345,1),(669,421685,3),(669,433748,0),(669,450875,1),(669,452460,0),(669,453777,0),(669,456694,0),(669,475723,0),(669,476547,0),(669,491081,2),(669,495276,3),(669,506605,0),(669,515421,0),(669,518947,0),(669,521256,0),(669,534086,2),(669,538142,0),(669,543983,0),(669,544424,2),(669,551022,3),(669,553035,1),(669,553138,2),(669,553873,2),(669,554158,2),(669,558393,0),(669,562334,2),(669,570219,2),(669,572389,1),(669,572955,1),(669,573974,0),(669,574784,0),(669,577086,0),(669,578011,0),(669,581161,0),(669,586165,3),(669,590508,0),(669,591280,0),(669,595068,2),(669,595105,0),(669,596229,3),(669,597106,0),(669,598518,2),(669,599148,0),(669,601215,2),(669,601931,2),(669,605052,1),(669,607230,2),(669,608516,0),(669,611509,2),(669,616833,0),(669,617594,2),(669,621563,1),(669,625838,0),(669,625878,3),(669,626459,3),(669,626672,0),(669,627496,0),(669,627618,1),(669,630121,3),(669,630704,0),(670,10700,3),(670,26285,2),(670,35219,3),(670,55680,1),(670,98517,2),(670,109109,0),(670,133236,0),(670,136756,3),(670,173915,2),(670,195052,1),(670,205336,3),(670,205533,1),(670,215233,3),(670,233870,1),(670,238435,3),(670,243734,1),(670,284651,0),(670,310709,3),(670,322517,3),(670,324051,2),(670,328230,1),(670,332184,2),(670,353210,2),(670,355303,3),(670,356205,1),(670,393683,2),(670,403463,0),(670,414594,3),(670,421685,3),(670,433748,0),(670,450875,3),(670,456094,3),(670,456694,2),(670,475723,0),(670,476547,0),(670,491081,3),(670,506605,2),(670,508079,2),(670,518947,0),(670,521256,3),(670,534086,3),(670,543983,0),(670,553035,2),(670,553138,3),(670,554158,3),(670,554795,3),(670,558393,2),(670,562334,3),(670,564645,2),(670,570219,3),(670,570236,2),(670,572389,0),(670,572955,3),(670,573974,0),(670,574784,3),(670,576123,3),(670,576259,2),(670,577086,0),(670,578011,1),(670,581161,3),(670,586165,3),(670,591280,0),(670,595068,2),(670,595105,0),(670,595288,0),(670,596229,3),(670,597106,2),(670,597571,2),(670,598518,2),(670,599148,0),(670,599952,0),(670,601215,2),(670,602066,0),(670,605052,2),(670,607230,2),(670,608516,2),(670,608748,2),(670,611509,3),(670,616833,2),(670,617594,2),(670,621563,3),(670,624877,0),(670,625200,2),(670,625364,3),(670,625838,3),(670,625878,2),(670,626036,3),(670,626459,1),(670,627487,0),(670,627496,0),(670,627618,1),(670,630388,2),(670,630704,0),(671,10700,1),(671,26285,0),(671,38792,2),(671,55680,1),(671,84978,2),(671,129017,1),(671,133236,0),(671,136756,3),(671,186780,2),(671,205336,3),(671,205533,1),(671,238435,2),(671,241782,3),(671,242432,0),(671,243734,3),(671,284651,2),(671,295264,2),(671,310709,3),(671,322517,2),(671,328230,1),(671,332184,2),(671,353210,1),(671,355303,3),(671,356205,2),(671,393683,3),(671,403331,1),(671,414594,3),(671,421685,3),(671,433748,0),(671,450875,0),(671,453777,0),(671,454995,2),(671,475723,3),(671,476547,1),(671,491081,0),(671,495276,3),(671,503446,3),(671,506605,3),(671,508079,2),(671,510833,0),(671,515421,3),(671,518947,0),(671,521256,3),(671,521952,3),(671,521968,3),(671,534086,2),(671,543983,0),(671,553035,1),(671,554795,0),(671,558393,0),(671,562334,2),(671,564645,3),(671,570219,1),(671,570236,2),(671,572389,0),(671,572955,3),(671,573974,0),(671,574784,3),(671,576123,3),(671,577086,0),(671,578011,2),(671,581161,2),(671,586165,3),(671,595068,1),(671,595105,0),(671,595288,0),(671,596229,2),(671,597106,2),(671,597571,0),(671,599148,0),(671,601215,3),(671,607230,2),(671,608516,3),(671,608748,0),(671,611509,0),(671,616833,2),(671,617594,2),(671,625200,0),(671,625838,0),(671,626036,3),(671,626459,2),(671,627487,0),(671,627496,0),(671,627618,1),(671,629549,1),(671,630175,3),(671,630388,0),(671,630704,0),(672,13997,3),(672,26285,0),(672,35219,0),(672,55680,0),(672,109109,0),(672,133236,0),(672,173915,1),(672,177295,1),(672,186780,2),(672,205336,3),(672,205533,1),(672,215233,2),(672,233870,1),(672,240178,0),(672,241782,3),(672,242432,0),(672,295264,2),(672,310709,2),(672,322517,2),(672,332184,2),(672,353210,2),(672,355303,3),(672,356205,2),(672,403331,2),(672,421685,2),(672,433748,2),(672,450875,1),(672,456094,2),(672,476547,2),(672,491081,0),(672,495276,3),(672,503446,2),(672,508079,0),(672,510833,3),(672,515421,3),(672,518947,3),(672,521256,3),(672,534086,2),(672,543983,0),(672,551022,1),(672,553035,1),(672,554795,3),(672,558393,2),(672,562334,2),(672,564645,2),(672,570219,0),(672,570236,0),(672,572389,0),(672,572955,0),(672,573974,0),(672,574784,2),(672,576123,0),(672,577086,0),(672,578011,2),(672,579956,0),(672,580221,0),(672,580505,0),(672,581161,2),(672,586165,3),(672,586260,2),(672,590508,0),(672,591280,0),(672,595068,0),(672,595105,1),(672,596229,0),(672,597106,0),(672,597571,3),(672,599148,0),(672,600917,2),(672,601215,0),(672,602066,0),(672,605052,0),(672,608516,0),(672,609043,2),(672,610628,1),(672,611509,2),(672,616833,0),(672,617594,3),(672,618559,0),(672,620110,1),(672,621563,1),(672,624877,0),(672,625200,0),(672,625878,1),(672,626036,0),(672,626412,2),(672,626459,3),(672,627496,3),(672,627618,0),(672,630121,3),(672,630175,0),(672,630704,2),(673,10700,0),(673,26285,2),(673,98517,0),(673,133236,2),(673,136756,3),(673,170111,0),(673,173915,2),(673,199764,2),(673,205336,3),(673,205533,1),(673,233870,1),(673,284651,2),(673,310709,3),(673,322517,3),(673,328230,0),(673,329014,0),(673,332184,2),(673,353210,1),(673,355303,0),(673,356205,1),(673,393683,0),(673,403331,1),(673,414594,3),(673,421685,2),(673,433748,0),(673,450875,1),(673,475723,0),(673,476547,0),(673,491081,3),(673,495276,1),(673,506605,0),(673,508079,2),(673,518947,0),(673,521256,3),(673,530553,0),(673,534086,2),(673,543983,0),(673,553035,1),(673,553138,1),(673,554795,3),(673,562334,0),(673,570219,1),(673,570236,2),(673,572389,0),(673,573974,0),(673,574784,2),(673,576123,0),(673,577086,0),(673,578011,1),(673,580505,0),(673,586165,3),(673,586260,1),(673,591280,0),(673,595068,3),(673,595105,3),(673,596229,2),(673,597106,1),(673,597571,0),(673,598518,0),(673,599148,0),(673,599952,2),(673,601215,3),(673,602066,3),(673,605052,0),(673,608516,0),(673,609043,2),(673,610628,1),(673,616833,0),(673,617594,2),(673,618559,0),(673,621563,1),(673,624877,0),(673,625200,2),(673,625838,3),(673,626036,3),(673,626459,0),(673,627496,2),(673,627618,1),(673,630704,0),(674,10700,2),(674,82811,0),(674,98517,0),(674,133236,0),(674,136756,3),(674,199764,2),(674,205336,3),(674,205533,1),(674,215233,2),(674,233870,1),(674,240178,2),(674,241782,3),(674,242432,0),(674,243734,3),(674,284651,2),(674,310709,3),(674,322517,2),(674,329014,1),(674,332184,0),(674,353210,0),(674,355303,3),(674,356205,2),(674,357467,3),(674,393683,2),(674,403331,1),(674,403463,0),(674,414594,2),(674,421685,1),(674,433748,0),(674,475723,0),(674,476547,1),(674,491081,3),(674,503446,2),(674,508079,3),(674,515421,2),(674,518947,0),(674,534086,2),(674,543983,0),(674,544424,0),(674,553035,1),(674,553138,1),(674,562334,3),(674,570219,3),(674,570236,2),(674,572389,3),(674,573974,0),(674,576123,2),(674,576259,3),(674,577086,0),(674,578011,3),(674,581161,0),(674,586165,3),(674,586260,2),(674,590508,0),(674,591280,0),(674,595068,1),(674,595105,0),(674,595288,3),(674,596229,3),(674,597571,3),(674,599148,0),(674,601215,1),(674,608516,3),(674,611509,2),(674,616833,0),(674,617594,2),(674,618559,1),(674,620110,3),(674,625878,1),(674,626036,3),(674,626459,0),(674,627496,0),(674,627618,1),(674,630121,3),(674,630175,1),(675,10700,2),(675,82811,2),(675,129017,0),(675,133236,0),(675,136756,0),(675,170111,0),(675,173915,2),(675,205336,3),(675,205533,1),(675,215233,3),(675,233870,1),(675,240178,2),(675,242432,3),(675,243734,0),(675,284651,0),(675,295264,2),(675,310709,1),(675,322517,2),(675,328230,0),(675,329014,0),(675,332184,2),(675,353210,2),(675,355303,1),(675,356205,2),(675,357467,0),(675,403331,2),(675,403463,0),(675,414594,0),(675,421685,3),(675,433748,0),(675,435998,2),(675,450875,0),(675,453777,0),(675,454995,0),(675,456694,0),(675,475723,0),(675,476547,3),(675,491081,2),(675,495276,1),(675,499456,1),(675,499793,0),(675,506605,3),(675,507246,0),(675,508021,0),(675,508079,1),(675,515421,0),(675,518947,2),(675,521256,2),(675,534086,1),(675,538142,0),(675,539760,3),(675,543983,2),(675,553035,1),(675,553138,0),(675,553873,3),(675,554795,0),(675,562334,2),(675,570219,2),(675,570236,2),(675,572389,0),(675,572955,0),(675,573974,0),(675,574784,2),(675,576123,1),(675,578011,2),(675,580221,1),(675,581161,1),(675,586165,3),(675,591280,0),(675,595068,3),(675,595105,3),(675,595288,1),(675,596229,1),(675,597106,0),(675,598379,3),(675,598518,0),(675,599148,2),(675,599952,1),(675,600917,3),(675,601215,0),(675,602066,3),(675,608516,3),(675,608748,2),(675,611509,2),(675,616833,0),(675,617594,2),(675,618559,0),(675,621563,1),(675,623106,2),(675,626036,0),(675,626459,1),(675,627496,0),(675,627618,1),(675,629549,1),(675,630175,0),(675,630704,0),(677,26285,0),(677,38792,0),(677,55680,0),(677,82811,0),(677,120120,0),(677,129017,0),(677,133236,0),(677,170111,0),(677,195052,2),(677,205533,1),(677,215233,1),(677,220622,0),(677,233870,1),(677,240178,0),(677,251741,0),(677,310709,2),(677,322517,0),(677,329014,0),(677,353210,1),(677,374432,0),(677,403463,0),(677,414594,0),(677,421685,2),(677,435998,0),(677,450875,0),(677,453777,0),(677,454995,2),(677,456694,0),(677,491081,2),(677,499456,0),(677,499793,3),(677,506445,0),(677,506605,2),(677,508079,0),(677,518947,0),(677,534086,0),(677,539760,2),(677,544424,1),(677,553035,0),(677,553138,0),(677,554158,0),(677,554795,0),(677,558393,2),(677,562334,0),(677,570219,0),(677,572389,1),(677,572955,0),(677,573974,0),(677,574784,0),(677,576123,0),(677,578011,0),(677,580221,0),(677,580505,0),(677,581161,0),(677,586165,3),(677,586260,0),(677,590508,0),(677,591280,0),(677,595068,0),(677,595105,0),(677,595288,0),(677,596229,0),(677,597106,0),(677,597571,2),(677,598379,1),(677,598518,0),(677,599148,0),(677,601215,0),(677,602066,0),(677,605052,0),(677,608516,2),(677,609043,0),(677,611509,0),(677,616833,0),(677,617594,2),(677,618559,0),(677,620110,3),(677,621563,1),(677,625200,0),(677,625364,0),(677,625838,0),(677,626050,0),(677,626459,0),(677,627496,0),(677,630121,0),(677,630175,0),(677,630388,0),(677,630704,0),(678,10700,0),(678,21138,2),(678,26285,1),(678,35219,3),(678,38792,3),(678,55680,0),(678,84978,3),(678,133236,0),(678,170111,0),(678,177295,2),(678,186780,2),(678,190170,0),(678,205336,3),(678,205533,1),(678,215233,3),(678,238435,2),(678,240178,1),(678,241782,3),(678,242432,2),(678,284651,2),(678,295264,2),(678,310709,3),(678,322517,2),(678,328230,3),(678,329014,3),(678,353210,3),(678,355303,3),(678,356205,3),(678,403463,0),(678,421685,1),(678,435998,3),(678,450875,2),(678,456094,3),(678,456694,3),(678,460809,3),(678,475723,3),(678,499456,1),(678,503446,2),(678,504471,3),(678,506605,2),(678,507246,0),(678,508079,3),(678,515421,0),(678,521256,3),(678,530553,1),(678,543983,3),(678,553035,1),(678,553138,2),(678,554795,3),(678,558393,2),(678,570219,3),(678,572389,0),(678,572955,3),(678,573974,3),(678,574784,3),(678,578011,3),(678,581161,2),(678,586165,2),(678,595288,2),(678,596229,2),(678,597106,3),(678,599148,0),(678,601215,3),(678,602066,2),(678,605052,2),(678,607230,2),(678,611509,3),(678,617594,2),(678,618559,3),(678,625200,0),(678,625838,1),(678,626036,3),(678,627496,0),(678,630388,0),(678,630704,2),(679,10700,3),(679,21138,3),(679,26285,2),(679,35219,2),(679,129017,2),(679,133236,0),(679,177295,2),(679,190170,2),(679,199764,2),(679,205336,3),(679,205533,1),(679,215233,3),(679,238435,2),(679,241782,3),(679,242432,0),(679,243734,1),(679,284651,2),(679,295264,2),(679,310709,3),(679,322517,2),(679,353210,3),(679,355303,3),(679,356205,3),(679,357467,2),(679,393683,2),(679,403463,3),(679,421685,3),(679,435998,2),(679,446193,2),(679,450875,1),(679,456094,3),(679,456694,3),(679,460809,3),(679,503446,2),(679,504471,3),(679,506605,2),(679,507246,1),(679,508021,3),(679,508079,3),(679,518947,2),(679,521256,3),(679,543983,2),(679,551022,0),(679,553035,1),(679,554158,3),(679,554795,3),(679,558393,2),(679,562334,3),(679,570219,3),(679,572389,3),(679,572955,3),(679,573974,3),(679,574784,3),(679,576259,3),(679,578011,3),(679,586165,2),(679,595288,3),(679,596229,3),(679,597106,3),(679,599148,0),(679,602066,2),(679,608516,2),(679,617594,3),(679,625200,0),(679,625838,0),(679,626036,3),(679,627496,0),(679,627618,3),(679,630388,0),(679,630704,2),(680,13997,3),(680,26285,0),(680,82811,0),(680,133236,0),(680,205533,1),(680,215233,3),(680,233870,1),(680,238435,0),(680,240178,2),(680,241782,3),(680,243734,2),(680,284651,1),(680,310709,1),(680,322517,1),(680,353210,1),(680,355303,0),(680,356205,2),(680,421685,0),(680,435998,2),(680,456094,0),(680,491081,2),(680,495276,3),(680,503446,3),(680,506605,2),(680,508079,0),(680,515421,3),(680,521256,3),(680,534086,2),(680,543983,0),(680,544424,2),(680,552831,1),(680,553035,1),(680,554158,3),(680,554795,2),(680,562334,2),(680,570219,0),(680,573974,0),(680,574784,0),(680,576123,1),(680,577086,0),(680,578011,0),(680,580221,3),(680,586165,3),(680,586260,0),(680,591280,0),(680,595068,2),(680,595288,3),(680,596229,2),(680,597571,2),(680,598518,2),(680,599148,0),(680,600917,0),(680,601931,2),(680,602066,2),(680,605052,0),(680,607230,2),(680,608516,2),(680,616833,0),(680,617594,2),(680,621563,1),(680,625838,1),(680,626459,0),(680,627496,0),(680,627618,1),(680,630175,0),(681,21138,2),(681,26285,2),(681,35219,1),(681,82811,2),(681,133236,2),(681,177295,1),(681,199764,2),(681,205336,3),(681,205533,1),(681,215233,3),(681,241782,3),(681,242432,0),(681,295264,2),(681,310709,2),(681,322517,2),(681,353210,3),(681,355303,2),(681,403463,2),(681,421685,1),(681,435998,0),(681,456694,0),(681,499793,0),(681,503446,3),(681,506605,3),(681,508021,1),(681,508079,2),(681,515421,3),(681,518947,3),(681,543983,1),(681,553035,1),(681,553138,1),(681,553873,2),(681,554795,1),(681,574784,3),(681,576123,2),(681,578011,2),(681,581161,2),(681,586165,3),(681,595288,3),(681,601215,0),(681,617594,2),(681,618559,1),(681,620110,1),(681,627496,2),(682,21138,2),(682,26285,1),(682,35219,1),(682,38792,3),(682,82811,2),(682,133236,2),(682,177295,1),(682,186780,2),(682,190170,3),(682,199764,2),(682,205336,3),(682,205533,1),(682,238435,0),(682,240178,0),(682,241782,3),(682,242432,0),(682,295264,2),(682,310709,2),(682,322517,2),(682,324051,3),(682,329014,1),(682,353210,3),(682,355303,2),(682,421685,1),(682,435998,2),(682,456694,0),(682,499793,0),(682,503446,3),(682,506605,2),(682,507246,0),(682,508021,0),(682,508079,1),(682,518947,3),(682,521256,0),(682,539760,3),(682,543983,2),(682,551022,1),(682,553035,1),(682,553138,0),(682,554795,1),(682,570219,2),(682,574784,3),(682,576123,3),(682,578011,3),(682,581161,3),(682,586165,3),(682,586260,1),(682,597106,0),(682,599148,3),(682,601215,0),(682,617594,3),(682,620110,1),(682,627496,2),(682,630388,1),(683,26285,0),(683,35219,2),(683,38792,3),(683,82811,2),(683,133236,2),(683,177295,1),(683,186780,2),(683,190170,3),(683,199764,2),(683,205336,3),(683,205533,1),(683,241782,2),(683,242432,0),(683,295264,2),(683,310709,2),(683,322517,2),(683,324051,3),(683,329014,1),(683,332184,3),(683,353210,3),(683,355303,2),(683,356205,2),(683,403463,0),(683,421685,1),(683,435998,0),(683,456694,0),(683,499793,0),(683,503446,3),(683,506605,3),(683,507246,0),(683,508079,1),(683,515421,3),(683,518947,3),(683,539760,3),(683,551022,1),(683,553035,2),(683,553138,1),(683,553873,0),(683,554795,3),(683,562334,3),(683,574784,2),(683,576123,2),(683,578011,2),(683,581161,0),(683,586165,3),(683,595068,2),(683,599148,2),(683,601215,0),(683,608748,3),(683,617594,3),(683,620110,1),(683,626459,3),(683,627496,2),(683,627618,3),(683,630121,0),(683,630388,3),(684,26285,2),(684,35219,0),(684,38792,3),(684,82811,2),(684,133236,0),(684,177295,1),(684,186780,2),(684,190170,3),(684,199764,2),(684,205336,3),(684,205533,1),(684,215233,3),(684,238435,0),(684,240178,1),(684,241782,2),(684,242432,0),(684,295264,2),(684,310709,3),(684,322517,3),(684,324051,3),(684,353210,3),(684,355303,2),(684,421685,0),(684,456694,0),(684,499793,0),(684,503446,1),(684,506605,2),(684,507246,0),(684,508079,2),(684,515421,0),(684,518947,0),(684,539760,3),(684,551022,1),(684,553035,1),(684,553138,1),(684,553873,0),(684,554795,0),(684,562334,2),(684,570219,0),(684,574784,2),(684,578011,2),(684,581161,0),(684,586165,3),(684,595068,2),(684,595288,0),(684,597106,0),(684,599148,2),(684,601215,0),(684,607230,0),(684,608748,2),(684,617594,2),(684,620110,1),(684,625838,2),(684,627496,2),(684,630121,0),(684,630388,0),(684,630704,2),(685,21138,2),(685,26285,2),(685,35219,0),(685,38792,2),(685,55680,2),(685,133236,0),(685,177295,1),(685,190170,3),(685,205336,3),(685,205533,1),(685,241782,2),(685,242432,0),(685,284651,2),(685,310709,2),(685,322517,2),(685,324051,3),(685,353210,3),(685,355303,3),(685,403463,0),(685,421685,1),(685,435998,2),(685,456694,0),(685,499793,0),(685,503446,2),(685,506605,2),(685,507246,1),(685,508079,2),(685,515421,2),(685,539760,3),(685,551022,1),(685,553035,1),(685,554795,3),(685,562334,2),(685,574784,3),(685,576123,2),(685,578011,3),(685,586165,3),(685,595068,2),(685,596229,2),(685,601215,0),(685,602066,2),(685,617594,3),(685,618559,1),(685,620110,1),(685,625838,2),(685,626459,2),(685,627496,0),(685,630388,2),(685,630704,2),(686,26285,1),(686,38792,2),(686,55680,2),(686,82811,2),(686,133236,0),(686,177295,2),(686,186780,2),(686,190170,3),(686,199764,2),(686,205336,3),(686,205533,1),(686,240178,1),(686,241782,3),(686,242432,3),(686,295264,2),(686,310709,2),(686,324051,3),(686,332184,2),(686,353210,3),(686,355303,2),(686,356205,2),(686,414594,3),(686,421685,2),(686,435998,0),(686,456694,0),(686,499793,0),(686,503446,3),(686,506605,3),(686,507246,0),(686,508021,2),(686,508079,2),(686,515421,3),(686,521256,2),(686,539760,3),(686,551022,1),(686,553035,1),(686,553138,1),(686,553873,3),(686,562334,2),(686,574784,3),(686,576123,2),(686,578011,3),(686,581161,2),(686,586165,3),(686,595288,1),(686,597106,0),(686,599148,3),(686,601215,0),(686,602066,0),(686,607230,2),(686,617594,2),(686,618559,1),(686,620110,1),(686,625838,1),(686,627496,2),(687,10700,3),(687,133236,0),(687,177295,3),(687,190170,0),(687,205533,1),(687,238435,2),(687,284651,1),(687,310709,3),(687,322517,3),(687,355303,2),(687,356205,3),(687,393683,3),(687,421685,3),(687,435998,1),(687,491081,2),(687,499456,1),(687,503446,3),(687,506605,2),(687,508079,2),(687,521256,3),(687,553138,3),(687,554795,2),(687,562334,3),(687,570219,3),(687,578011,3),(687,581161,2),(687,586165,2),(687,596229,3),(687,617594,3),(687,625838,3),(687,627618,1),(687,629549,1),(688,10700,3),(688,129017,2),(688,133236,0),(688,177295,3),(688,190170,1),(688,205533,1),(688,238435,2),(688,241782,2),(688,242432,3),(688,310709,3),(688,322517,3),(688,332184,0),(688,355303,3),(688,356205,2),(688,393683,3),(688,421685,1),(688,491081,2),(688,499456,1),(688,503446,2),(688,521256,3),(688,530553,0),(688,553138,3),(688,554795,2),(688,562334,3),(688,570219,0),(688,578011,3),(688,586165,2),(688,596229,3),(688,617594,3),(688,625838,3),(688,627618,1),(688,629549,1),(689,10700,0),(689,129017,2),(689,133236,0),(689,177295,3),(689,205533,1),(689,242432,0),(689,284651,0),(689,322517,2),(689,332184,0),(689,353210,3),(689,355303,3),(689,356205,3),(689,393683,3),(689,421685,1),(689,499456,1),(689,506605,2),(689,508079,3),(689,521256,3),(689,553138,1),(689,553873,2),(689,562334,2),(689,570219,2),(689,578011,2),(689,586165,3),(689,591280,1),(689,596229,0),(689,617594,2),(689,625200,0),(690,26285,3),(690,133236,0),(690,177295,2),(690,190170,3),(690,205533,1),(690,241782,3),(690,242432,2),(690,284651,0),(690,310709,3),(690,322517,3),(690,329014,3),(690,355303,3),(690,393683,3),(690,421685,1),(690,435998,0),(690,499793,0),(690,503446,3),(690,506605,3),(690,521256,3),(690,553138,3),(690,554795,3),(690,562334,3),(690,570219,3),(690,578011,2),(690,586165,2),(690,596229,0),(690,617594,3),(690,627618,1),(691,10700,3),(691,55680,0),(691,133236,0),(691,177295,2),(691,190170,1),(691,205533,1),(691,322517,2),(691,355303,3),(691,421685,2),(691,499456,1),(691,503446,2),(691,506605,3),(691,521256,3),(691,530553,1),(691,553138,3),(691,553873,3),(691,554795,1),(691,562334,3),(691,570219,2),(691,578011,3),(691,586165,2),(691,591280,0),(691,596229,0),(691,617594,3),(691,627618,1),(691,630388,1),(692,129017,2),(692,133236,0),(692,177295,2),(692,186780,2),(692,205533,1),(692,284651,2),(692,322517,2),(692,329014,0),(692,355303,3),(692,356205,0),(692,393683,3),(692,421685,1),(692,491081,3),(692,499456,1),(692,503446,2),(692,508079,2),(692,530553,0),(692,544424,2),(692,553138,2),(692,554795,2),(692,562334,2),(692,570219,2),(692,586165,2),(692,595288,2),(692,596229,2),(692,617594,3),(693,133236,0),(693,177295,3),(693,205533,1),(693,238435,0),(693,284651,1),(693,356205,3),(693,393683,0),(693,491081,3),(693,503446,3),(693,506605,3),(693,521256,3),(693,530553,2),(693,553138,3),(693,553873,2),(693,562334,3),(693,578011,0),(693,586165,3),(693,591280,1),(693,596229,3),(693,608748,2),(693,617594,2),(693,627618,1),(694,133236,0),(694,177295,3),(694,186780,3),(694,205533,1),(694,241782,2),(694,242432,0),(694,322517,2),(694,355303,3),(694,393683,3),(694,421685,0),(694,491081,2),(694,499456,1),(694,553138,1),(694,562334,2),(694,570219,2),(694,578011,2),(694,586165,3),(694,591280,1),(694,617594,1),(694,625838,2),(694,627618,1),(695,133236,0),(695,177295,2),(695,205533,1),(695,284651,2),(695,322517,2),(695,353210,2),(695,356205,3),(695,421685,0),(695,435998,1),(695,452460,3),(695,491081,1),(695,499456,0),(695,503446,3),(695,506605,1),(695,508079,0),(695,530553,2),(695,544424,3),(695,553138,2),(695,562334,3),(695,586165,2),(695,596229,3),(695,617594,3),(695,625838,2);
/*!40000 ALTER TABLE `rating` ENABLE KEYS */;
UNLOCK TABLES;
/*!40103 SET TIME_ZONE=@OLD_TIME_ZONE */;

/*!40101 SET SQL_MODE=@OLD_SQL_MODE */;
/*!40014 SET FOREIGN_KEY_CHECKS=@OLD_FOREIGN_KEY_CHECKS */;
/*!40014 SET UNIQUE_CHECKS=@OLD_UNIQUE_CHECKS */;
/*!40101 SET CHARACTER_SET_CLIENT=@OLD_CHARACTER_SET_CLIENT */;
/*!40101 SET CHARACTER_SET_RESULTS=@OLD_CHARACTER_SET_RESULTS */;
/*!40101 SET COLLATION_CONNECTION=@OLD_COLLATION_CONNECTION */;
/*!40111 SET SQL_NOTES=@OLD_SQL_NOTES */;
